,Date,Open,Close,High,Low,Volume
1,2020-05-23,43.84,43.85,43.88,43.82,116.60042
2,2020-05-23,43.85,43.85,43.89,43.83,281.56896
3,2020-05-23,43.87,43.89,43.89,43.82,400.15283
4,2020-05-23,43.88,43.97,43.99,43.86,664.05486
5,2020-05-23,43.97,44.02,44.04,43.94,2164.29832
6,2020-05-23,44.01,44.09,44.15,43.97,3815.49961
7,2020-05-23,44.07,44.08,44.11,44.06,372.9512
8,2020-05-23,44.06,44.07,44.1,44.03,514.50638
9,2020-05-23,44.06,43.99,44.08,43.97,1051.90078
10,2020-05-23,43.98,43.99,44.01,43.94,483.44154
11,2020-05-23,43.99,44.11,44.11,43.99,298.50117
12,2020-05-23,44.11,44.08,44.12,44.07,356.56223
13,2020-05-23,44.09,44.07,44.09,44.02,414.69936
14,2020-05-23,44.07,44.14,44.14,44.07,472.59865
15,2020-05-23,44.14,44.05,44.16,44.03,646.6321
16,2020-05-23,44.04,44.01,44.05,44.0,454.46408
17,2020-05-23,44.0,44.0,44.07,43.99,295.96211
18,2020-05-23,44.0,44.05,44.07,43.99,538.08305
19,2020-05-23,44.05,43.99,44.08,43.99,190.71635
20,2020-05-23,43.99,43.81,43.99,43.77,1351.61859
21,2020-05-23,43.8,43.89,43.93,43.8,1755.12357
22,2020-05-23,43.88,43.74,43.88,43.67,2048.18743
23,2020-05-23,43.74,43.79,43.85,43.73,743.63613
24,2020-05-23,43.79,43.89,43.9,43.76,485.84712
25,2020-05-23,43.88,43.94,43.97,43.86,556.83289
26,2020-05-23,43.94,43.92,43.99,43.92,323.48954
27,2020-05-23,43.92,43.87,43.92,43.82,961.50828
28,2020-05-23,43.87,43.87,43.89,43.78,657.94855
29,2020-05-23,43.85,43.96,43.98,43.85,499.61556
30,2020-05-23,43.95,43.91,43.98,43.9,281.89514
31,2020-05-23,43.91,43.98,44.02,43.91,759.96997
32,2020-05-23,43.97,43.93,44.0,43.9,456.29929
33,2020-05-23,43.93,43.92,43.96,43.91,904.72971
34,2020-05-23,43.92,43.93,44.02,43.92,774.7221
35,2020-05-23,43.93,43.97,43.97,43.92,310.10601
36,2020-05-23,43.96,43.95,43.96,43.89,280.50444
37,2020-05-23,43.94,43.95,43.95,43.89,988.22638
38,2020-05-23,43.95,43.94,43.95,43.89,1104.87559
39,2020-05-23,43.92,43.92,43.97,43.91,284.58221
40,2020-05-23,43.92,43.92,43.92,43.83,2945.40756
41,2020-05-23,43.92,43.97,43.98,43.91,212.03653
42,2020-05-23,43.98,44.01,44.01,43.95,340.9551
43,2020-05-23,44.01,44.01,44.03,43.97,1239.32995
44,2020-05-23,44.03,44.1,44.11,44.01,534.65082
45,2020-05-23,44.1,44.26,44.32,44.09,3455.12959
46,2020-05-23,44.26,44.26,44.29,44.25,1056.21898
47,2020-05-23,44.25,44.25,44.33,44.23,1201.56958
48,2020-05-23,44.25,44.25,44.28,44.19,831.53841
49,2020-05-23,44.27,44.19,44.27,44.18,481.00732
50,2020-05-23,44.19,44.24,44.24,44.19,158.15866
51,2020-05-23,44.24,44.2,44.25,44.19,187.08482
52,2020-05-23,44.2,44.17,44.24,44.17,797.28621
53,2020-05-23,44.17,44.12,44.18,44.1,584.78749
54,2020-05-23,44.11,44.15,44.16,44.08,974.31953
55,2020-05-23,44.15,44.04,44.17,44.04,306.23017
56,2020-05-23,44.03,44.06,44.08,44.02,376.91124
57,2020-05-23,44.06,44.07,44.11,44.05,597.94019
58,2020-05-23,44.07,44.03,44.08,44.02,288.77614
59,2020-05-23,44.03,44.04,44.06,44.01,277.88994
60,2020-05-23,44.03,44.08,44.09,44.03,444.74968
61,2020-05-23,44.08,44.03,44.08,44.03,222.28898
62,2020-05-23,44.03,44.14,44.14,44.03,437.7343
63,2020-05-23,44.14,44.19,44.21,44.11,569.22692
64,2020-05-23,44.2,44.21,44.22,44.13,395.95798
65,2020-05-23,44.21,44.08,44.22,44.07,581.44488
66,2020-05-23,44.08,43.85,44.09,43.79,3367.67374
67,2020-05-23,43.85,43.8,43.85,43.76,526.96027
68,2020-05-23,43.79,43.81,43.91,43.77,5054.28398
69,2020-05-23,43.8,43.74,43.81,43.69,1854.7006
70,2020-05-23,43.72,43.78,43.8,43.71,883.26295
71,2020-05-23,43.78,43.8,43.81,43.78,250.57634
72,2020-05-23,43.8,43.75,43.83,43.72,1591.31731
73,2020-05-23,43.76,43.82,43.83,43.74,639.67335
74,2020-05-23,43.82,43.82,43.83,43.8,182.49909
75,2020-05-23,43.82,43.84,43.87,43.8,337.51461
76,2020-05-23,43.84,44.01,44.01,43.84,1639.82444
77,2020-05-23,44.02,44.04,44.08,44.01,602.52307
78,2020-05-23,44.02,44.02,44.05,44.01,255.06686
79,2020-05-23,44.02,44.04,44.09,44.01,897.76528
80,2020-05-23,44.04,43.98,44.04,43.91,1512.27279
81,2020-05-23,43.97,43.92,43.97,43.92,354.22866
82,2020-05-23,43.92,44.06,44.06,43.92,1032.9681
83,2020-05-23,44.06,43.99,44.07,43.96,609.59715
84,2020-05-23,44.01,43.99,44.05,43.99,153.73558
85,2020-05-23,43.99,44.0,44.02,43.98,170.01529
86,2020-05-23,44.02,44.09,44.11,44.0,443.61022
87,2020-05-23,44.1,44.11,44.14,44.06,440.43527
88,2020-05-23,44.12,44.18,44.18,44.07,600.60863
89,2020-05-23,44.18,44.18,44.22,44.17,694.35494
90,2020-05-23,44.2,44.06,44.2,44.05,640.04126
91,2020-05-23,44.06,44.02,44.06,43.98,640.3602
92,2020-05-23,44.02,44.02,44.08,44.0,288.72171
93,2020-05-23,44.03,44.0,44.04,44.0,318.59074
94,2020-05-24,44.0,44.04,44.05,43.96,300.11456
95,2020-05-24,44.04,44.07,44.07,44.03,53.5306
96,2020-05-24,44.07,44.05,44.08,44.03,237.49283
97,2020-05-24,44.04,44.0,44.04,43.98,318.98763
98,2020-05-24,44.0,44.04,44.06,43.98,311.43802
99,2020-05-24,44.0,44.04,44.05,43.98,336.06306
100,2020-05-24,44.04,43.85,44.04,43.8,1313.5645
101,2020-05-24,43.85,43.87,43.93,43.85,285.62288
102,2020-05-24,43.86,44.06,44.07,43.85,890.84338
103,2020-05-24,44.07,44.07,44.1,44.05,389.14851
104,2020-05-24,44.05,44.07,44.14,44.02,1295.47267
105,2020-05-24,44.08,44.08,44.09,44.06,378.71506
106,2020-05-24,44.09,44.01,44.09,44.01,425.12576
107,2020-05-24,44.02,44.06,44.09,44.01,824.74828
108,2020-05-24,44.09,44.06,44.11,44.04,904.67276
109,2020-05-24,44.06,44.02,44.07,44.0,972.15067
110,2020-05-24,44.0,44.07,44.1,44.0,638.18867
111,2020-05-24,44.1,44.07,44.1,44.06,298.85471
112,2020-05-24,44.08,44.13,44.17,44.07,658.03296
113,2020-05-24,44.13,44.04,44.13,44.0,153.38013
114,2020-05-24,44.05,44.08,44.1,44.02,146.87693
115,2020-05-24,44.08,44.07,44.1,44.05,180.03512
116,2020-05-24,44.06,44.08,44.12,44.06,249.65327
117,2020-05-24,44.1,44.13,44.2,44.08,465.60401
118,2020-05-24,44.15,44.19,44.2,44.14,662.22121
119,2020-05-24,44.19,44.19,44.22,44.17,1002.83465
120,2020-05-24,44.21,44.17,44.22,44.17,877.21517
121,2020-05-24,44.18,44.17,44.24,44.15,1212.86404
122,2020-05-24,44.16,44.2,44.23,44.16,407.89664
123,2020-05-24,44.19,44.18,44.2,44.14,323.23991
124,2020-05-24,44.18,44.2,44.25,44.18,1020.21375
125,2020-05-24,44.19,44.17,44.2,44.14,466.77106
126,2020-05-24,44.17,44.15,44.17,44.14,67.59958
127,2020-05-24,44.16,44.23,44.23,44.15,729.58878
128,2020-05-24,44.23,44.2,44.25,44.19,272.18892
129,2020-05-24,44.19,44.17,44.2,44.15,535.05439
130,2020-05-24,44.17,44.14,44.18,44.13,803.9738
131,2020-05-24,44.16,44.13,44.18,44.11,2146.90217
132,2020-05-24,44.13,44.14,44.15,44.11,162.63223
133,2020-05-24,44.14,44.19,44.19,44.12,914.12643
134,2020-05-24,44.19,44.16,44.2,44.15,266.13303
135,2020-05-24,44.15,44.16,44.18,44.14,142.34892
136,2020-05-24,44.16,44.15,44.19,44.15,471.57042
137,2020-05-24,44.15,44.19,44.21,44.15,734.64805
138,2020-05-24,44.2,44.19,44.22,44.16,378.91721
139,2020-05-24,44.18,44.16,44.2,44.14,386.17764
140,2020-05-24,44.16,44.16,44.19,44.13,592.52592
141,2020-05-24,44.16,44.15,44.17,44.13,279.15743
142,2020-05-24,44.15,44.15,44.16,44.09,1553.69739
143,2020-05-24,44.15,44.09,44.15,44.09,110.01104
144,2020-05-24,44.09,44.09,44.11,44.04,1562.94837
145,2020-05-24,44.07,44.06,44.11,44.06,285.82544
146,2020-05-24,44.06,44.1,44.11,44.04,643.47735
147,2020-05-24,44.09,44.15,44.16,44.09,1133.65417
148,2020-05-24,44.15,44.18,44.21,44.13,773.91781
149,2020-05-24,44.16,44.13,44.18,44.1,846.51076
150,2020-05-24,44.13,44.17,44.17,44.11,243.87695
151,2020-05-24,44.17,44.03,44.17,44.03,794.5137
152,2020-05-24,44.04,43.95,44.04,43.92,2809.65712
153,2020-05-24,43.94,43.96,43.97,43.92,392.08376
154,2020-05-24,43.95,43.97,43.99,43.88,705.9578
155,2020-05-24,43.96,43.89,43.99,43.86,729.65225
156,2020-05-24,43.89,43.91,43.91,43.82,839.00469
157,2020-05-24,43.91,43.85,43.94,43.85,725.19342
158,2020-05-24,43.89,43.9,43.9,43.87,489.69301
159,2020-05-24,43.9,43.85,43.9,43.82,796.16783
160,2020-05-24,43.84,43.85,43.87,43.75,1717.6953
161,2020-05-24,43.85,43.71,43.87,43.7,2857.60698
162,2020-05-24,43.72,43.9,43.9,43.71,1512.09518
163,2020-05-24,43.88,43.94,43.96,43.86,327.12533
164,2020-05-24,43.93,43.9,43.99,43.87,678.89836
165,2020-05-24,43.89,43.91,43.95,43.88,312.63832
166,2020-05-24,43.91,44.0,44.03,43.9,2024.67752
167,2020-05-24,43.99,43.95,44.0,43.92,1464.1489
168,2020-05-24,43.96,44.04,44.11,43.94,2634.77375
169,2020-05-24,44.04,44.13,44.13,44.04,1577.9893
170,2020-05-24,44.13,44.08,44.13,44.05,1344.51435
171,2020-05-24,44.09,44.05,44.12,44.03,654.7812
172,2020-05-24,44.05,44.06,44.16,44.04,1682.4747
173,2020-05-24,44.06,44.07,44.09,44.0,971.41001
174,2020-05-24,44.06,44.09,44.14,44.05,1113.65277
175,2020-05-24,44.1,44.14,44.14,44.09,376.15025
176,2020-05-24,44.15,44.18,44.18,44.14,1161.11316
177,2020-05-24,44.18,44.17,44.25,44.15,1811.82054
178,2020-05-24,44.17,44.1,44.19,44.09,892.85405
179,2020-05-24,44.12,44.1,44.13,44.08,396.72027
180,2020-05-24,44.1,44.22,44.23,44.08,1524.8412
181,2020-05-24,44.22,44.2,44.27,44.19,702.04203
182,2020-05-24,44.19,44.14,44.23,44.13,1139.89217
183,2020-05-24,44.13,44.13,44.18,44.11,423.43403
184,2020-05-24,44.14,44.25,44.27,44.14,1301.53324
185,2020-05-24,44.25,44.22,44.26,44.19,723.18095
186,2020-05-24,44.22,44.18,44.27,44.18,734.76733
187,2020-05-24,44.18,44.3,44.33,44.18,1270.32166
188,2020-05-24,44.31,44.4,44.41,44.31,1437.86474
189,2020-05-24,44.38,44.43,44.47,44.37,1165.20914
190,2020-05-24,44.43,44.36,44.48,44.3,1205.84624
191,2020-05-24,44.36,44.43,44.44,44.34,1225.05743
192,2020-05-24,44.42,44.28,44.42,44.27,750.43127
193,2020-05-24,44.3,44.4,44.4,44.3,412.32519
194,2020-05-24,44.39,44.35,44.43,44.35,503.16763
195,2020-05-24,44.36,44.32,44.38,44.3,1068.6069
196,2020-05-24,44.31,44.25,44.43,44.21,5180.46569
197,2020-05-24,44.24,44.11,44.26,44.11,723.67892
198,2020-05-24,44.1,44.3,44.34,44.1,4843.42294
199,2020-05-24,44.29,44.19,44.36,44.14,3145.78173
200,2020-05-24,44.2,44.22,44.24,44.18,331.69037
201,2020-05-24,44.23,44.23,44.28,44.23,420.93123
202,2020-05-24,44.25,44.26,44.29,44.25,106.61049
203,2020-05-24,44.26,44.28,44.28,44.25,419.15547
204,2020-05-24,44.28,44.33,44.35,44.28,1898.33767
205,2020-05-24,44.33,44.35,44.36,44.32,197.42713
206,2020-05-24,44.35,44.25,44.37,44.25,452.55051
207,2020-05-24,44.28,44.21,44.3,44.21,323.08846
208,2020-05-24,44.22,44.31,44.31,44.22,1190.74227
209,2020-05-24,44.3,44.3,44.31,44.27,261.96159
210,2020-05-24,44.31,44.33,44.37,44.3,562.94512
211,2020-05-24,44.33,44.36,44.38,44.32,251.54301
212,2020-05-24,44.36,44.32,44.37,44.31,674.85406
213,2020-05-24,44.31,44.27,44.33,44.24,970.55843
214,2020-05-24,44.27,44.31,44.31,44.27,319.47871
215,2020-05-24,44.3,44.26,44.37,44.26,1695.94683
216,2020-05-24,44.28,44.24,44.28,44.23,599.57634
217,2020-05-24,44.25,44.22,44.27,44.22,440.70253
218,2020-05-24,44.22,44.22,44.27,44.21,306.55647
219,2020-05-24,44.24,44.15,44.24,44.15,1184.45894
220,2020-05-24,44.15,44.15,44.2,44.14,201.60333
221,2020-05-24,44.15,44.14,44.17,44.14,456.54167
222,2020-05-24,44.14,44.21,44.21,44.14,707.12721
223,2020-05-24,44.21,44.27,44.27,44.2,381.95861
224,2020-05-24,44.27,44.27,44.28,44.22,172.31954
225,2020-05-24,44.28,44.32,44.35,44.27,458.7021
226,2020-05-24,44.34,44.34,44.37,44.29,696.1103
227,2020-05-24,44.34,44.36,44.37,44.33,988.35226
228,2020-05-24,44.37,44.34,44.38,44.32,3332.43314
229,2020-05-24,44.34,44.31,44.35,44.29,848.21425
230,2020-05-24,44.31,44.31,44.32,44.29,364.25481
231,2020-05-24,44.31,44.31,44.31,44.26,307.63774
232,2020-05-24,44.31,44.45,44.47,44.31,1738.41191
233,2020-05-24,44.45,44.47,44.54,44.4,3862.6102
234,2020-05-24,44.48,44.45,44.51,44.43,634.42952
235,2020-05-24,44.45,44.5,44.53,44.45,863.47344
236,2020-05-24,44.49,44.48,44.49,44.42,563.53323
237,2020-05-24,44.48,44.47,44.55,44.45,761.74788
238,2020-05-24,44.47,44.38,44.5,44.38,749.41774
239,2020-05-24,44.38,44.43,44.47,44.38,848.83928
240,2020-05-24,44.44,44.43,44.44,44.37,519.86138
241,2020-05-24,44.41,44.41,44.48,44.38,575.64429
242,2020-05-24,44.41,44.47,44.49,44.38,493.49374
243,2020-05-24,44.47,44.44,44.48,44.43,398.42309
244,2020-05-24,44.42,44.45,44.51,44.42,852.52417
245,2020-05-24,44.46,44.51,44.52,44.45,853.34734
246,2020-05-24,44.51,44.48,44.53,44.47,442.99456
247,2020-05-24,44.48,44.52,44.54,44.46,503.15101
248,2020-05-24,44.52,44.46,44.54,44.46,701.46905
249,2020-05-24,44.47,44.5,44.5,44.42,530.24169
250,2020-05-24,44.5,44.42,44.5,44.42,113.19285
251,2020-05-24,44.43,44.4,44.47,44.38,1119.53437
252,2020-05-24,44.4,44.38,44.43,44.36,579.98054
253,2020-05-24,44.39,44.33,44.41,44.31,622.9285
254,2020-05-24,44.34,44.33,44.35,44.31,596.83766
255,2020-05-24,44.33,44.31,44.34,44.26,781.92532
256,2020-05-24,44.3,44.37,44.41,44.3,626.15
257,2020-05-24,44.37,44.36,44.42,44.33,587.96919
258,2020-05-24,44.36,44.33,44.39,44.3,565.39584
259,2020-05-24,44.32,44.34,44.39,44.31,582.16441
260,2020-05-24,44.35,44.34,44.35,44.28,612.5221
261,2020-05-24,44.34,44.35,44.35,44.31,193.18965
262,2020-05-24,44.35,44.34,44.36,44.31,238.41299
263,2020-05-24,44.32,44.31,44.36,44.31,1585.87499
264,2020-05-24,44.31,44.36,44.36,44.3,1085.1887
265,2020-05-24,44.35,44.32,44.38,44.3,673.97797
266,2020-05-24,44.31,44.34,44.34,44.31,955.9289
267,2020-05-24,44.34,44.3,44.37,44.29,1153.61319
268,2020-05-24,44.3,44.36,44.36,44.3,629.54632
269,2020-05-24,44.36,44.45,44.46,44.35,2384.75456
270,2020-05-24,44.44,44.41,44.47,44.39,1184.20506
271,2020-05-24,44.38,44.42,44.42,44.36,1122.80775
272,2020-05-24,44.41,44.38,44.45,44.38,668.84716
273,2020-05-24,44.4,44.37,44.41,44.35,411.54188
274,2020-05-24,44.35,44.36,44.4,44.34,511.94981
275,2020-05-24,44.35,44.34,44.37,44.34,376.80904
276,2020-05-24,44.34,44.32,44.36,44.31,1376.0943
277,2020-05-24,44.32,44.35,44.37,44.3,656.81742
278,2020-05-24,44.35,44.29,44.36,44.28,823.14264
279,2020-05-24,44.3,44.33,44.35,44.25,1296.8398
280,2020-05-24,44.33,44.35,44.35,44.33,224.95197
281,2020-05-24,44.33,44.39,44.39,44.29,641.90503
282,2020-05-24,44.39,44.35,44.43,44.34,828.43553
283,2020-05-24,44.36,44.4,44.43,44.35,100.82335
284,2020-05-24,44.42,44.39,44.42,44.38,642.29103
285,2020-05-24,44.39,44.34,44.39,44.34,706.81071
286,2020-05-24,44.35,44.32,44.35,44.32,1013.86287
287,2020-05-24,44.31,44.31,44.32,44.26,951.68896
288,2020-05-24,44.3,44.28,44.32,44.25,291.73424
289,2020-05-24,44.27,44.31,44.32,44.27,717.48526
290,2020-05-24,44.31,44.31,44.33,44.3,236.03359
291,2020-05-24,44.29,44.28,44.32,44.27,356.82334
292,2020-05-24,44.27,44.22,44.27,44.19,799.82855
293,2020-05-24,44.22,44.08,44.23,44.08,1524.37788
294,2020-05-24,44.1,43.97,44.11,43.95,5211.73391
295,2020-05-24,43.98,44.05,44.06,43.87,5517.45723
296,2020-05-24,44.05,43.99,44.06,43.96,2042.94285
297,2020-05-24,43.99,44.0,44.03,43.95,1550.04089
298,2020-05-24,43.99,43.87,43.99,43.83,2359.69214
299,2020-05-24,43.86,43.96,43.98,43.85,1305.13678
300,2020-05-24,43.95,43.88,43.97,43.88,1019.51472
301,2020-05-24,43.87,43.91,43.95,43.81,3672.40324
302,2020-05-24,43.9,43.91,43.94,43.83,2354.81088
303,2020-05-24,43.91,43.82,43.91,43.79,5074.50819
304,2020-05-24,43.81,43.88,43.88,43.75,4259.52653
305,2020-05-24,43.88,43.89,43.89,43.83,782.86366
306,2020-05-24,43.88,43.91,43.96,43.85,364.24868
307,2020-05-24,43.91,43.94,43.95,43.87,612.6968
308,2020-05-24,43.95,43.94,44.0,43.91,1027.27909
309,2020-05-24,43.95,43.89,43.95,43.88,364.23298
310,2020-05-24,43.89,43.93,43.96,43.89,237.09305
311,2020-05-24,43.93,43.89,43.94,43.86,656.42405
312,2020-05-24,43.89,43.88,43.9,43.86,397.17063
313,2020-05-24,43.87,43.93,43.97,43.86,960.22335
314,2020-05-24,43.93,43.93,43.98,43.93,451.24678
315,2020-05-24,43.94,43.94,43.99,43.93,644.80312
316,2020-05-24,43.94,43.96,43.96,43.88,1030.21553
317,2020-05-24,43.95,43.91,43.97,43.9,245.557
318,2020-05-24,43.91,43.91,43.93,43.86,684.72397
319,2020-05-24,43.92,43.9,43.93,43.87,748.58974
320,2020-05-24,43.9,43.83,43.93,43.82,1297.63185
321,2020-05-24,43.83,43.82,43.83,43.76,814.53514
322,2020-05-24,43.82,43.87,43.89,43.78,487.99478
323,2020-05-24,43.86,43.88,43.91,43.84,492.4303
324,2020-05-24,43.88,43.86,43.88,43.84,360.91702
325,2020-05-24,43.86,43.55,43.86,43.55,5287.62112
326,2020-05-24,43.6,43.49,43.65,43.4,7897.35467
327,2020-05-24,43.52,43.56,43.59,43.42,1579.73112
328,2020-05-24,43.55,43.27,43.55,43.05,10233.78994
329,2020-05-24,43.28,43.23,43.31,43.18,1886.48392
330,2020-05-24,43.22,43.29,43.3,43.12,4310.9854
331,2020-05-24,43.26,43.38,43.38,43.2,1197.22653
332,2020-05-24,43.39,43.35,43.41,43.33,1360.01253
333,2020-05-24,43.33,43.38,43.42,43.28,754.95464
334,2020-05-24,43.36,43.37,43.39,43.3,705.07188
335,2020-05-24,43.37,43.36,43.41,43.29,1343.40694
336,2020-05-24,43.35,43.38,43.43,43.34,1081.51963
337,2020-05-24,43.38,43.36,43.4,43.28,2359.29985
338,2020-05-24,43.36,43.41,43.44,43.35,1522.44123
339,2020-05-24,43.42,43.35,43.43,43.35,823.77328
340,2020-05-24,43.37,43.29,43.37,43.27,907.13733
341,2020-05-24,43.29,43.29,43.31,43.21,885.9841
342,2020-05-24,43.29,43.28,43.35,43.27,885.03061
343,2020-05-24,43.26,43.31,43.33,43.23,743.45461
344,2020-05-24,43.31,43.4,43.42,43.29,573.0022
345,2020-05-24,43.42,43.41,43.45,43.41,421.21924
346,2020-05-24,43.42,43.48,43.49,43.4,428.67485
347,2020-05-24,43.48,43.47,43.49,43.46,703.304
348,2020-05-24,43.47,43.42,43.48,43.41,1234.43608
349,2020-05-24,43.43,43.47,43.49,43.43,1368.82749
350,2020-05-24,43.48,43.41,43.48,43.4,388.64656
351,2020-05-24,43.41,43.32,43.43,43.32,328.0561
352,2020-05-24,43.31,42.95,43.31,42.83,13772.73736
353,2020-05-24,42.95,42.83,43.03,42.81,3241.71611
354,2020-05-24,42.83,42.74,42.95,42.73,2645.86649
355,2020-05-24,42.74,42.87,42.94,42.65,4327.16218
356,2020-05-24,42.87,42.77,42.88,42.74,1200.7498
357,2020-05-24,42.77,42.6,42.81,42.5,3760.67283
358,2020-05-24,42.57,42.67,42.73,42.5,3144.35138
359,2020-05-24,42.7,42.6,42.83,42.56,2721.76317
360,2020-05-24,42.63,42.75,42.78,42.52,4839.18017
361,2020-05-24,42.76,42.68,42.77,42.65,1816.04301
362,2020-05-24,42.7,42.79,42.8,42.67,1936.8003
363,2020-05-24,42.77,42.95,43.02,42.77,3622.82049
364,2020-05-24,42.94,43.0,43.03,42.83,1459.13488
365,2020-05-24,43.01,42.92,43.04,42.91,1778.32595
366,2020-05-24,42.92,42.98,43.01,42.91,997.48183
367,2020-05-24,42.99,42.97,43.0,42.94,909.14729
368,2020-05-24,42.97,42.98,43.05,42.97,421.61871
369,2020-05-24,42.99,43.02,43.12,42.97,930.7547
370,2020-05-24,43.01,43.07,43.14,43.01,711.90284
371,2020-05-24,43.08,43.0,43.09,42.97,689.22381
372,2020-05-24,43.0,42.98,43.01,42.94,1028.91056
373,2020-05-24,42.98,42.95,43.01,42.94,438.01648
374,2020-05-24,42.96,42.98,43.0,42.93,194.42965
375,2020-05-24,42.99,42.96,42.99,42.9,206.10821
376,2020-05-24,42.96,42.91,42.96,42.83,386.63771
377,2020-05-24,42.91,42.93,42.95,42.8,1193.31969
378,2020-05-24,42.91,42.98,42.99,42.88,444.60004
379,2020-05-24,42.99,43.05,43.07,42.98,836.22644
380,2020-05-24,43.04,43.02,43.05,42.96,389.91615
381,2020-05-24,43.02,43.0,43.02,42.96,199.55119
382,2020-05-25,43.0,43.04,43.09,42.99,270.02732
383,2020-05-25,43.04,43.04,43.04,42.98,847.246
384,2020-05-25,43.03,43.05,43.08,42.96,911.96241
385,2020-05-25,43.05,42.96,43.05,42.93,618.71495
386,2020-05-25,42.96,42.98,43.01,42.95,429.19809
387,2020-05-25,42.98,42.92,42.98,42.92,145.90578
388,2020-05-25,42.91,42.93,42.96,42.88,340.71339
389,2020-05-25,42.93,42.96,42.99,42.91,844.74062
390,2020-05-25,42.97,42.91,42.97,42.89,119.01379
391,2020-05-25,42.91,43.06,43.08,42.91,908.1103
392,2020-05-25,43.07,43.2,43.2,43.03,1021.02972
393,2020-05-25,43.2,43.26,43.29,43.16,1808.20693
394,2020-05-25,43.26,43.3,43.4,43.26,1995.77748
395,2020-05-25,43.31,43.24,43.32,43.24,512.67528
396,2020-05-25,43.24,43.27,43.29,43.2,533.71704
397,2020-05-25,43.27,43.35,43.37,43.25,1228.91233
398,2020-05-25,43.37,43.32,43.38,43.31,473.59483
399,2020-05-25,43.34,43.36,43.38,43.3,162.06432
400,2020-05-25,43.35,43.43,43.44,43.31,1142.89654
401,2020-05-25,43.43,43.25,43.44,43.24,1205.45303
402,2020-05-25,43.25,43.29,43.34,43.25,479.04532
403,2020-05-25,43.28,43.19,43.31,43.17,2334.24635
404,2020-05-25,43.19,43.17,43.2,43.09,1412.54913
405,2020-05-25,43.17,43.22,43.22,43.14,429.96633
406,2020-05-25,43.23,43.31,43.32,43.21,588.37295
407,2020-05-25,43.31,43.24,43.34,43.23,337.08419
408,2020-05-25,43.25,43.25,43.27,43.23,291.2319
409,2020-05-25,43.24,43.22,43.25,43.19,376.26376
410,2020-05-25,43.22,43.18,43.24,43.13,1073.81328
411,2020-05-25,43.19,43.17,43.22,43.16,1002.52315
412,2020-05-25,43.17,43.25,43.25,43.16,485.50948
413,2020-05-25,43.25,43.24,43.27,43.21,488.56466
414,2020-05-25,43.24,43.2,43.24,43.19,352.37848
415,2020-05-25,43.2,43.22,43.22,43.18,266.13205
416,2020-05-25,43.23,43.21,43.24,43.2,262.90074
417,2020-05-25,43.21,43.2,43.23,43.2,412.09212
418,2020-05-25,43.2,43.3,43.37,43.2,1143.16308
419,2020-05-25,43.29,43.37,43.37,43.28,416.76432
420,2020-05-25,43.37,43.35,43.39,43.33,651.97849
421,2020-05-25,43.35,43.28,43.38,43.27,1053.76057
422,2020-05-25,43.28,43.3,43.33,43.26,310.95187
423,2020-05-25,43.27,43.22,43.3,43.22,212.68275
424,2020-05-25,43.23,43.2,43.24,43.18,426.12278
425,2020-05-25,43.2,43.13,43.2,43.08,882.33455
426,2020-05-25,43.13,43.08,43.15,43.06,539.56088
427,2020-05-25,43.08,43.03,43.08,43.01,571.96608
428,2020-05-25,43.02,42.97,43.06,42.96,453.95543
429,2020-05-25,42.96,43.05,43.08,42.96,784.47824
430,2020-05-25,43.05,43.14,43.14,43.03,153.18884
431,2020-05-25,43.13,43.18,43.18,43.08,946.02309
432,2020-05-25,43.18,43.13,43.19,43.11,313.36376
433,2020-05-25,43.11,43.07,43.12,43.05,354.4818
434,2020-05-25,43.07,43.13,43.15,43.06,487.037
435,2020-05-25,43.15,43.19,43.19,43.12,661.66002
436,2020-05-25,43.19,43.21,43.24,43.16,379.31066
437,2020-05-25,43.21,43.01,43.23,43.0,811.85692
438,2020-05-25,43.0,42.93,43.06,42.91,540.93456
439,2020-05-25,42.93,42.92,42.94,42.88,724.42868
440,2020-05-25,42.92,42.82,42.92,42.8,1214.87179
441,2020-05-25,42.85,42.76,42.89,42.73,2570.35431
442,2020-05-25,42.76,42.42,42.82,42.19,15844.02466
443,2020-05-25,42.42,42.39,42.46,42.23,8314.89934
444,2020-05-25,42.4,42.36,42.43,42.32,1462.57164
445,2020-05-25,42.37,42.45,42.47,42.31,1201.25408
446,2020-05-25,42.45,42.38,42.47,42.37,2845.82548
447,2020-05-25,42.38,42.08,42.4,42.04,3893.35886
448,2020-05-25,42.08,42.22,42.31,41.72,16008.27596
449,2020-05-25,42.22,42.39,42.52,42.22,7460.79538
450,2020-05-25,42.38,42.63,42.72,42.35,4188.0139
451,2020-05-25,42.64,42.51,42.67,42.43,2104.39376
452,2020-05-25,42.5,42.48,42.58,42.44,836.9467
453,2020-05-25,42.48,42.51,42.62,42.43,1770.6841
454,2020-05-25,42.51,42.62,42.62,42.48,265.68664
455,2020-05-25,42.63,42.57,42.74,42.56,573.08752
456,2020-05-25,42.59,42.5,42.66,42.48,1106.79341
457,2020-05-25,42.51,42.43,42.55,42.41,755.03598
458,2020-05-25,42.43,42.55,42.55,42.42,787.82475
459,2020-05-25,42.54,42.57,42.57,42.49,757.80275
460,2020-05-25,42.57,42.47,42.57,42.46,345.87305
461,2020-05-25,42.47,42.46,42.52,42.45,1298.09141
462,2020-05-25,42.47,42.41,42.48,42.39,786.41465
463,2020-05-25,42.41,42.48,42.57,42.4,2799.67738
464,2020-05-25,42.48,42.34,42.49,42.33,670.66835
465,2020-05-25,42.36,42.38,42.38,42.34,223.13499
466,2020-05-25,42.37,42.49,42.5,42.37,762.51473
467,2020-05-25,42.5,42.51,42.54,42.47,452.34103
468,2020-05-25,42.5,42.5,42.52,42.42,651.13457
469,2020-05-25,42.5,42.55,42.57,42.5,401.71616
470,2020-05-25,42.55,42.63,42.66,42.54,535.84006
471,2020-05-25,42.62,42.59,42.64,42.52,612.40305
472,2020-05-25,42.59,42.5,42.6,42.47,1552.63729
473,2020-05-25,42.5,42.44,42.55,42.42,915.67197
474,2020-05-25,42.5,42.57,42.59,42.49,849.61824
475,2020-05-25,42.58,42.58,42.65,42.56,751.36597
476,2020-05-25,42.58,42.64,42.65,42.58,272.03492
477,2020-05-25,42.64,42.63,42.66,42.61,139.56159
478,2020-05-25,42.63,42.61,42.67,42.58,423.83657
479,2020-05-25,42.62,42.56,42.62,42.56,160.26402
480,2020-05-25,42.57,42.61,42.62,42.56,154.1794
481,2020-05-25,42.62,42.56,42.63,42.56,341.26181
482,2020-05-25,42.56,42.59,42.6,42.54,347.40865
483,2020-05-25,42.6,42.58,42.63,42.56,183.65198
484,2020-05-25,42.58,42.5,42.59,42.49,1062.30525
485,2020-05-25,42.49,42.5,42.51,42.46,1089.37336
486,2020-05-25,42.5,42.57,42.6,42.5,598.03297
487,2020-05-25,42.57,42.51,42.57,42.43,609.54186
488,2020-05-25,42.5,42.4,42.5,42.4,403.10861
489,2020-05-25,42.41,42.44,42.46,42.31,935.16502
490,2020-05-25,42.44,42.4,42.46,42.34,917.18062
491,2020-05-25,42.41,42.46,42.47,42.35,555.79423
492,2020-05-25,42.46,42.46,42.53,42.38,627.90568
493,2020-05-25,42.46,42.58,42.6,42.43,2127.83843
494,2020-05-25,42.59,42.63,42.66,42.56,1789.40308
495,2020-05-25,42.63,42.66,42.67,42.63,184.32137
496,2020-05-25,42.65,42.62,42.71,42.62,245.08425
497,2020-05-25,42.63,42.68,42.69,42.58,534.16775
498,2020-05-25,42.67,42.68,42.7,42.62,1618.53192
499,2020-05-25,42.68,42.77,42.78,42.68,1026.37154
500,2020-05-25,42.75,42.78,42.81,42.75,431.3169
501,2020-05-25,42.79,42.76,42.81,42.72,791.68819
502,2020-05-25,42.75,42.85,42.91,42.74,1148.88691
503,2020-05-25,42.85,42.81,42.86,42.74,352.39858
504,2020-05-25,42.77,42.69,42.79,42.69,118.72825
505,2020-05-25,42.71,42.74,42.74,42.64,344.84631
506,2020-05-25,42.74,42.76,42.79,42.72,220.65908
507,2020-05-25,42.76,42.79,42.81,42.74,266.26833
508,2020-05-25,42.8,42.73,42.8,42.73,502.12762
509,2020-05-25,42.73,42.71,42.78,42.68,487.58031
510,2020-05-25,42.7,42.65,42.73,42.65,428.11671
511,2020-05-25,42.65,42.7,42.7,42.63,410.93799
512,2020-05-25,42.71,42.58,42.71,42.57,1170.70755
513,2020-05-25,42.57,42.64,42.67,42.57,1441.83552
514,2020-05-25,42.64,42.57,42.66,42.56,302.31386
515,2020-05-25,42.58,42.53,42.61,42.53,357.23863
516,2020-05-25,42.55,42.57,42.62,42.54,711.92762
517,2020-05-25,42.57,42.54,42.59,42.53,203.79347
518,2020-05-25,42.54,42.55,42.56,42.49,1090.20952
519,2020-05-25,42.55,42.59,42.61,42.55,561.33957
520,2020-05-25,42.59,42.55,42.59,42.53,1610.53538
521,2020-05-25,42.54,42.53,42.55,42.45,479.59575
522,2020-05-25,42.52,42.52,42.53,42.45,1049.55815
523,2020-05-25,42.52,42.59,42.59,42.52,642.78391
524,2020-05-25,42.58,42.54,42.59,42.52,86.79199
525,2020-05-25,42.54,42.52,42.59,42.52,182.04701
526,2020-05-25,42.52,42.75,42.76,42.51,893.44093
527,2020-05-25,42.74,42.74,42.82,42.73,890.76413
528,2020-05-25,42.74,42.74,42.78,42.74,290.19382
529,2020-05-25,42.75,42.72,42.82,42.72,806.5445
530,2020-05-25,42.72,42.69,42.8,42.65,1030.18754
531,2020-05-25,42.72,42.66,42.72,42.56,4793.26184
532,2020-05-25,42.66,42.61,42.66,42.59,565.57438
533,2020-05-25,42.61,42.65,42.67,42.6,1178.11728
534,2020-05-25,42.64,42.65,42.68,42.62,525.29427
535,2020-05-25,42.66,42.72,42.76,42.64,450.50819
536,2020-05-25,42.73,42.75,42.8,42.73,953.67202
537,2020-05-25,42.75,42.79,42.82,42.73,384.5272
538,2020-05-25,42.81,42.99,43.03,42.81,3475.59318
539,2020-05-25,42.99,42.96,43.02,42.94,1298.49316
540,2020-05-25,42.94,42.93,42.95,42.88,413.13702
541,2020-05-25,42.92,42.92,42.94,42.88,545.77699
542,2020-05-25,42.91,42.92,42.93,42.86,501.8025
543,2020-05-25,42.93,42.97,42.97,42.93,307.0083
544,2020-05-25,42.96,42.91,43.03,42.89,1632.06276
545,2020-05-25,42.9,42.85,42.91,42.84,1346.11972
546,2020-05-25,42.87,42.86,42.89,42.82,524.53763
547,2020-05-25,42.86,42.82,42.87,42.77,593.94867
548,2020-05-25,42.86,42.86,42.89,42.8,420.36431
549,2020-05-25,42.87,42.81,42.89,42.81,340.12925
550,2020-05-25,42.81,42.83,42.86,42.8,201.83875
551,2020-05-25,42.84,42.93,42.94,42.84,440.65058
552,2020-05-25,42.92,42.86,42.95,42.85,435.51317
553,2020-05-25,42.87,42.89,42.92,42.85,488.80799
554,2020-05-25,42.89,42.86,42.92,42.84,581.31116
555,2020-05-25,42.85,42.78,42.86,42.77,692.80592
556,2020-05-25,42.78,42.8,42.86,42.78,540.6749
557,2020-05-25,42.8,42.88,42.88,42.79,580.57708
558,2020-05-25,42.88,42.86,42.91,42.85,385.01262
559,2020-05-25,42.88,42.88,42.91,42.84,302.11062
560,2020-05-25,42.88,43.11,43.32,42.88,10461.53813
561,2020-05-25,43.12,43.2,43.21,43.12,621.10534
562,2020-05-25,43.22,43.05,43.29,43.03,1872.23412
563,2020-05-25,43.04,42.85,43.06,42.8,2065.21355
564,2020-05-25,42.84,42.84,42.86,42.8,1093.21597
565,2020-05-25,42.85,42.71,42.87,42.62,3420.24163
566,2020-05-25,42.7,42.74,42.76,42.66,780.95242
567,2020-05-25,42.74,42.77,42.81,42.69,1221.88618
568,2020-05-25,42.76,42.78,42.8,42.73,707.34664
569,2020-05-25,42.79,42.79,42.79,42.71,461.98653
570,2020-05-25,42.79,42.95,43.0,42.79,2725.51409
571,2020-05-25,42.95,42.96,42.98,42.91,822.10749
572,2020-05-25,42.96,42.99,43.04,42.96,1237.41349
573,2020-05-25,42.99,42.96,43.0,42.92,697.10714
574,2020-05-25,42.97,42.98,43.0,42.93,300.2416
575,2020-05-25,43.0,42.9,43.0,42.89,379.585
576,2020-05-25,42.9,42.95,42.97,42.88,170.61439
577,2020-05-25,42.95,42.79,42.99,42.78,1157.00634
578,2020-05-25,42.79,42.67,42.81,42.65,2376.16906
579,2020-05-25,42.66,42.67,42.72,42.64,843.18146
580,2020-05-25,42.66,42.8,42.82,42.57,1840.67157
581,2020-05-25,42.81,42.73,42.82,42.71,418.97173
582,2020-05-25,42.72,42.65,42.77,42.65,860.56619
583,2020-05-25,42.65,42.64,42.72,42.56,1411.98472
584,2020-05-25,42.63,42.62,42.65,42.56,1027.32107
585,2020-05-25,42.61,42.71,42.73,42.61,695.04716
586,2020-05-25,42.72,42.69,42.75,42.66,655.96641
587,2020-05-25,42.69,42.68,42.72,42.64,1226.23412
588,2020-05-25,42.68,42.77,42.77,42.67,1021.47701
589,2020-05-25,42.77,42.72,42.78,42.72,399.93842
590,2020-05-25,42.72,42.7,42.73,42.66,354.80815
591,2020-05-25,42.69,42.72,42.72,42.65,303.09735
592,2020-05-25,42.73,42.9,42.9,42.72,1262.09363
593,2020-05-25,42.9,42.79,42.9,42.79,812.58369
594,2020-05-25,42.79,42.88,42.91,42.79,645.24067
595,2020-05-25,42.88,42.94,42.94,42.86,762.37012
596,2020-05-25,42.93,42.89,42.96,42.88,1086.52312
597,2020-05-25,42.89,42.86,42.9,42.85,572.01612
598,2020-05-25,42.86,42.85,42.88,42.81,399.03446
599,2020-05-25,42.87,42.9,42.94,42.87,737.05086
600,2020-05-25,42.89,42.92,42.96,42.88,541.68494
601,2020-05-25,42.92,42.88,42.96,42.86,526.74884
602,2020-05-25,42.87,42.89,42.91,42.84,264.51606
603,2020-05-25,42.88,42.84,42.9,42.8,809.7799
604,2020-05-25,42.84,42.87,42.91,42.84,389.60972
605,2020-05-25,42.88,42.83,42.89,42.82,530.92839
606,2020-05-25,42.83,42.73,42.88,42.7,1227.05398
607,2020-05-25,42.73,42.69,42.74,42.66,580.09076
608,2020-05-25,42.69,42.72,42.75,42.69,297.61606
609,2020-05-25,42.72,42.59,42.73,42.57,1529.56787
610,2020-05-25,42.59,42.72,42.73,42.59,427.05689
611,2020-05-25,42.73,42.76,42.77,42.69,490.39817
612,2020-05-25,42.76,42.72,42.78,42.71,598.95493
613,2020-05-25,42.71,42.66,42.73,42.66,270.33812
614,2020-05-25,42.67,42.73,42.75,42.61,657.16879
615,2020-05-25,42.74,42.93,42.97,42.73,1908.5391
616,2020-05-25,42.9,42.95,42.99,42.89,667.28098
617,2020-05-25,42.95,42.95,42.97,42.91,671.88148
618,2020-05-25,42.95,42.86,43.0,42.85,1608.90384
619,2020-05-25,42.86,42.9,42.91,42.86,238.03961
620,2020-05-25,42.92,42.9,42.96,42.87,595.56955
621,2020-05-25,42.89,42.93,42.95,42.89,391.38081
622,2020-05-25,42.93,42.89,42.95,42.83,660.14241
623,2020-05-25,42.91,42.91,42.93,42.85,397.25722
624,2020-05-25,42.9,42.94,42.95,42.89,157.30247
625,2020-05-25,42.94,42.89,42.94,42.87,760.78742
626,2020-05-25,42.89,42.89,42.91,42.85,272.38214
627,2020-05-25,42.9,42.66,42.9,42.63,3131.23549
628,2020-05-25,42.65,42.68,42.71,42.64,873.02317
629,2020-05-25,42.68,42.75,42.77,42.66,432.50425
630,2020-05-25,42.73,42.69,42.74,42.65,184.58036
631,2020-05-25,42.68,42.74,42.78,42.68,273.55374
632,2020-05-25,42.74,42.74,42.79,42.73,151.62423
633,2020-05-25,42.74,42.71,42.74,42.67,395.83051
634,2020-05-25,42.71,42.71,42.77,42.71,433.06295
635,2020-05-25,42.72,42.74,42.81,42.7,2430.5456
636,2020-05-25,42.75,42.69,42.77,42.68,357.76632
637,2020-05-25,42.69,42.67,42.71,42.66,720.24661
638,2020-05-25,42.67,42.62,42.69,42.61,413.38669
639,2020-05-25,42.62,42.68,42.69,42.61,551.01497
640,2020-05-25,42.68,42.59,42.73,42.57,1732.73829
641,2020-05-25,42.6,42.81,42.88,42.58,1457.4055
642,2020-05-25,42.81,42.82,42.89,42.8,500.53939
643,2020-05-25,42.82,42.86,42.89,42.77,477.8658
644,2020-05-25,42.85,42.79,42.87,42.78,467.2971
645,2020-05-25,42.78,42.79,42.83,42.77,415.6359
646,2020-05-25,42.79,42.85,42.85,42.79,194.77729
647,2020-05-25,42.85,42.8,42.85,42.78,828.18741
648,2020-05-25,42.82,42.93,42.93,42.82,1415.14987
649,2020-05-25,42.93,42.88,42.98,42.87,1028.02566
650,2020-05-25,42.88,42.86,42.92,42.78,921.27527
651,2020-05-25,42.86,42.84,42.87,42.83,272.64713
652,2020-05-25,42.84,42.85,42.92,42.83,278.89215
653,2020-05-25,42.83,42.85,42.87,42.8,1261.81018
654,2020-05-25,42.85,42.85,42.89,42.84,256.80719
655,2020-05-25,42.87,42.83,42.9,42.83,714.49737
656,2020-05-25,42.84,42.83,42.86,42.81,1056.79985
657,2020-05-25,42.83,42.86,42.86,42.83,120.74808
658,2020-05-25,42.86,42.96,42.98,42.85,899.36181
659,2020-05-25,42.96,43.02,43.14,42.96,1923.52338
660,2020-05-25,43.01,43.0,43.02,42.94,835.88726
661,2020-05-25,43.02,43.2,43.24,42.99,4168.63966
662,2020-05-25,43.2,43.11,43.24,43.1,1788.88096
663,2020-05-25,43.1,43.1,43.13,43.07,971.06343
664,2020-05-25,43.11,43.05,43.15,42.98,1189.14895
665,2020-05-25,43.04,43.01,43.04,43.0,602.15342
666,2020-05-25,43.0,43.0,43.02,42.95,1149.63425
667,2020-05-25,43.0,43.04,43.08,42.99,934.59825
668,2020-05-25,43.04,43.04,43.08,43.03,1763.43969
669,2020-05-25,43.03,43.06,43.08,42.99,768.47382
670,2020-05-26,43.04,42.98,43.04,42.97,105.60484
671,2020-05-26,42.98,42.96,43.0,42.93,113.22184
672,2020-05-26,42.96,42.98,43.0,42.95,148.86315
673,2020-05-26,42.98,42.97,42.98,42.93,492.46715
674,2020-05-26,42.96,42.96,42.98,42.92,513.60453
675,2020-05-26,42.96,42.93,43.01,42.92,516.62598
676,2020-05-26,42.95,42.97,42.99,42.93,436.43528
677,2020-05-26,42.96,43.08,43.09,42.93,1510.41331
678,2020-05-26,43.08,43.03,43.08,43.01,260.67017
679,2020-05-26,43.04,43.06,43.16,43.04,1792.41861
680,2020-05-26,43.07,43.02,43.08,42.97,1297.62724
681,2020-05-26,43.01,43.06,43.1,43.0,666.39811
682,2020-05-26,43.09,43.07,43.11,43.02,1616.82913
683,2020-05-26,43.06,43.02,43.07,43.01,852.85184
684,2020-05-26,43.03,43.09,43.09,43.01,820.33307
685,2020-05-26,43.08,43.08,43.18,43.07,1612.88568
686,2020-05-26,43.08,43.03,43.1,43.01,209.24971
687,2020-05-26,43.02,43.0,43.05,42.98,274.08334
688,2020-05-26,43.0,42.99,43.05,42.99,531.56526
689,2020-05-26,43.02,43.03,43.05,43.0,459.38138
690,2020-05-26,43.02,43.05,43.06,43.0,74.98458
691,2020-05-26,43.05,42.99,43.05,42.98,446.64459
692,2020-05-26,42.98,42.98,43.02,42.97,403.28895
693,2020-05-26,42.98,42.95,43.0,42.92,350.75222
694,2020-05-26,42.95,43.0,43.01,42.95,133.64124
695,2020-05-26,43.0,43.03,43.03,42.98,163.67819
696,2020-05-26,43.02,43.03,43.04,43.01,103.29882
697,2020-05-26,43.03,43.03,43.05,43.02,38.65751
698,2020-05-26,43.03,43.04,43.05,43.02,52.39744
699,2020-05-26,43.04,43.03,43.04,43.0,518.79464
700,2020-05-26,43.04,43.07,43.07,43.04,187.06199
701,2020-05-26,43.06,43.05,43.06,43.01,323.98099
702,2020-05-26,43.05,43.0,43.06,42.98,645.93625
703,2020-05-26,43.0,43.0,43.01,42.98,93.29303
704,2020-05-26,43.0,42.97,43.01,42.96,431.39897
705,2020-05-26,42.97,42.9,42.98,42.9,210.7723
706,2020-05-26,42.93,42.86,42.93,42.86,179.81745
707,2020-05-26,42.87,42.85,42.9,42.83,761.30329
708,2020-05-26,42.86,42.83,42.86,42.8,344.70282
709,2020-05-26,42.82,42.83,42.84,42.81,758.36371
710,2020-05-26,42.83,42.83,42.84,42.81,57.44621
711,2020-05-26,42.83,42.88,42.88,42.82,174.33625
712,2020-05-26,42.89,43.0,43.0,42.87,212.87882
713,2020-05-26,43.0,42.98,43.0,42.97,56.88343
714,2020-05-26,42.98,42.96,42.99,42.94,135.356
715,2020-05-26,42.95,42.88,42.95,42.88,87.68424
716,2020-05-26,42.88,42.85,42.89,42.85,131.55135
717,2020-05-26,42.86,42.84,42.86,42.81,413.10611
718,2020-05-26,42.84,42.91,42.91,42.83,184.22679
719,2020-05-26,42.91,42.89,42.91,42.88,134.43763
720,2020-05-26,42.9,42.92,42.93,42.88,46.18484
721,2020-05-26,42.91,42.89,42.93,42.88,74.05896
722,2020-05-26,42.89,42.87,42.9,42.85,323.45682
723,2020-05-26,42.86,42.9,42.9,42.84,62.65071
724,2020-05-26,42.9,43.01,43.01,42.9,1579.82039
725,2020-05-26,43.01,42.98,43.04,42.98,205.61357
726,2020-05-26,42.98,42.98,43.0,42.91,1056.84505
727,2020-05-26,42.97,42.98,43.02,42.96,347.12136
728,2020-05-26,42.99,43.06,43.06,42.98,667.42684
729,2020-05-26,43.06,43.03,43.1,43.01,603.41747
730,2020-05-26,43.03,42.97,43.03,42.92,2007.41016
731,2020-05-26,42.97,43.01,43.03,42.95,1501.23133
732,2020-05-26,43.01,42.97,43.03,42.96,115.45771
733,2020-05-26,42.98,42.98,43.03,42.96,254.10316
734,2020-05-26,43.01,42.95,43.02,42.95,340.14031
735,2020-05-26,42.95,42.97,42.98,42.9,789.10239
736,2020-05-26,42.99,43.05,43.07,42.92,801.19842
737,2020-05-26,43.04,42.95,43.07,42.93,362.5323
738,2020-05-26,42.96,42.98,43.01,42.95,460.1862
739,2020-05-26,42.97,42.91,43.02,42.9,1043.45043
740,2020-05-26,42.91,42.88,42.92,42.85,494.1044
741,2020-05-26,42.87,42.55,42.89,42.33,9037.56193
742,2020-05-26,42.57,42.61,42.68,42.47,1494.87092
743,2020-05-26,42.6,42.6,42.7,42.59,673.61863
744,2020-05-26,42.6,42.63,42.67,42.58,1490.49656
745,2020-05-26,42.62,42.68,42.68,42.61,231.00518
746,2020-05-26,42.69,42.64,42.71,42.64,718.01662
747,2020-05-26,42.64,42.69,42.71,42.63,497.54345
748,2020-05-26,42.7,42.84,42.92,42.7,6000.41167
749,2020-05-26,42.85,42.87,42.89,42.79,1169.36871
750,2020-05-26,42.86,42.87,42.89,42.83,343.00806
751,2020-05-26,42.89,42.85,42.9,42.84,519.47403
752,2020-05-26,42.84,42.85,42.86,42.82,236.08813
753,2020-05-26,42.85,42.86,42.89,42.85,228.48069
754,2020-05-26,42.87,42.84,42.88,42.84,159.90905
755,2020-05-26,42.85,42.86,42.89,42.84,243.99662
756,2020-05-26,42.86,42.83,42.9,42.83,1099.19035
757,2020-05-26,42.83,42.86,42.88,42.83,326.22367
758,2020-05-26,42.87,42.89,42.91,42.87,245.12091
759,2020-05-26,42.89,42.91,42.93,42.87,804.78584
760,2020-05-26,42.91,42.91,42.95,42.89,718.61207
761,2020-05-26,42.91,43.0,43.01,42.88,1028.52375
762,2020-05-26,43.01,42.99,43.02,42.94,443.52295
763,2020-05-26,43.0,42.93,43.0,42.92,568.57424
764,2020-05-26,42.93,42.93,42.94,42.92,116.63007
765,2020-05-26,42.93,42.97,42.98,42.9,249.8742
766,2020-05-26,42.98,42.89,42.99,42.89,185.18386
767,2020-05-26,42.88,42.9,42.91,42.87,264.51204
768,2020-05-26,42.91,42.96,42.96,42.89,516.00355
769,2020-05-26,42.96,42.88,42.96,42.87,164.53151
770,2020-05-26,42.88,42.92,42.93,42.87,304.27502
771,2020-05-26,42.91,42.89,42.94,42.87,109.21432
772,2020-05-26,42.88,42.94,42.95,42.83,448.51579
773,2020-05-26,42.95,42.96,42.97,42.9,207.53186
774,2020-05-26,42.97,42.86,42.97,42.86,485.04381
775,2020-05-26,42.86,42.91,42.93,42.86,432.9537
776,2020-05-26,42.91,42.9,42.93,42.89,68.6204
777,2020-05-26,42.89,42.89,42.92,42.89,180.40177
778,2020-05-26,42.91,42.94,42.99,42.89,290.57898
779,2020-05-26,42.94,42.91,42.96,42.9,298.20545
780,2020-05-26,42.91,42.91,42.91,42.85,155.51978
781,2020-05-26,42.9,42.9,42.93,42.86,404.65851
782,2020-05-26,42.9,42.91,42.94,42.9,306.5366
783,2020-05-26,42.9,42.88,42.93,42.85,244.49898
784,2020-05-26,42.87,42.86,42.87,42.77,1228.49364
785,2020-05-26,42.85,42.85,42.87,42.83,122.942
786,2020-05-26,42.86,42.82,42.86,42.82,557.20708
787,2020-05-26,42.82,42.75,42.82,42.75,718.08545
788,2020-05-26,42.76,42.72,42.76,42.69,323.68112
789,2020-05-26,42.72,42.69,42.73,42.69,573.20278
790,2020-05-26,42.69,42.78,42.81,42.69,1108.6256
791,2020-05-26,42.78,42.78,42.81,42.76,259.18577
792,2020-05-26,42.79,42.82,42.85,42.79,281.34547
793,2020-05-26,42.81,42.82,42.84,42.81,167.37581
794,2020-05-26,42.82,42.82,42.83,42.72,796.26794
795,2020-05-26,42.83,42.81,42.84,42.79,242.84614
796,2020-05-26,42.82,42.84,42.89,42.79,1062.97305
797,2020-05-26,42.84,42.71,42.86,42.71,744.57189
798,2020-05-26,42.72,42.69,42.74,42.69,378.5673
799,2020-05-26,42.68,42.7,42.73,42.66,476.19848
800,2020-05-26,42.7,42.67,42.71,42.63,366.63437
801,2020-05-26,42.67,42.69,42.7,42.66,318.32307
802,2020-05-26,42.69,42.77,42.79,42.68,626.78731
803,2020-05-26,42.77,42.78,42.78,42.74,551.44689
804,2020-05-26,42.78,42.79,42.81,42.76,465.9938
805,2020-05-26,42.8,42.81,42.84,42.8,335.53401
806,2020-05-26,42.82,42.8,42.82,42.76,669.53835
807,2020-05-26,42.79,42.85,42.85,42.77,894.92616
808,2020-05-26,42.85,42.74,42.86,42.74,587.09286
809,2020-05-26,42.74,42.73,42.76,42.71,418.76494
810,2020-05-26,42.71,42.7,42.73,42.69,187.24899
811,2020-05-26,42.7,42.66,42.76,42.66,682.90235
812,2020-05-26,42.65,42.66,42.67,42.62,662.87866
813,2020-05-26,42.66,42.65,42.68,42.61,582.19298
814,2020-05-26,42.64,42.52,42.64,42.47,1289.66808
815,2020-05-26,42.51,42.56,42.56,42.5,397.18987
816,2020-05-26,42.55,42.53,42.58,42.5,2430.59231
817,2020-05-26,42.54,42.61,42.61,42.51,550.7347
818,2020-05-26,42.61,42.63,42.63,42.57,222.50837
819,2020-05-26,42.61,42.58,42.63,42.57,87.29019
820,2020-05-26,42.57,42.52,42.59,42.5,963.50687
821,2020-05-26,42.52,42.51,42.53,42.41,1204.20619
822,2020-05-26,42.5,42.58,42.59,42.44,1614.20558
823,2020-05-26,42.59,42.64,42.65,42.56,773.71517
824,2020-05-26,42.65,42.65,42.68,42.65,173.79391
825,2020-05-26,42.66,42.76,42.76,42.65,1304.82547
826,2020-05-26,42.77,42.83,42.85,42.76,1877.9731
827,2020-05-26,42.83,42.76,42.84,42.74,682.86398
828,2020-05-26,42.76,42.77,42.79,42.74,264.50864
829,2020-05-26,42.77,42.76,42.79,42.73,570.15075
830,2020-05-26,42.76,42.77,42.83,42.71,2232.42386
831,2020-05-26,42.77,42.78,42.8,42.74,178.16752
832,2020-05-26,42.79,42.83,42.84,42.74,809.15439
833,2020-05-26,42.83,42.88,42.92,42.81,1239.61915
834,2020-05-26,42.87,42.85,42.89,42.8,1796.83973
835,2020-05-26,42.84,42.78,42.85,42.77,1141.28052
836,2020-05-26,42.78,42.82,42.82,42.77,657.55635
837,2020-05-26,42.81,42.85,42.87,42.77,634.99934
838,2020-05-26,42.84,42.76,42.85,42.74,540.96106
839,2020-05-26,42.77,42.77,42.78,42.74,204.98022
840,2020-05-26,42.78,42.82,42.84,42.75,576.72933
841,2020-05-26,42.83,42.81,42.83,42.78,399.99003
842,2020-05-26,42.8,42.8,42.84,42.71,1010.68553
843,2020-05-26,42.8,42.81,42.87,42.8,606.80282
844,2020-05-26,42.81,42.75,42.81,42.66,1383.76982
845,2020-05-26,42.74,42.76,42.78,42.7,966.25995
846,2020-05-26,42.76,42.71,42.77,42.68,831.39514
847,2020-05-26,42.7,42.74,42.79,42.7,647.28155
848,2020-05-26,42.74,42.72,42.81,42.72,1346.07789
849,2020-05-26,42.71,42.7,42.73,42.67,552.42465
850,2020-05-26,42.71,42.65,42.72,42.56,2213.48246
851,2020-05-26,42.64,42.63,42.66,42.63,361.45516
852,2020-05-26,42.63,42.65,42.67,42.6,270.38668
853,2020-05-26,42.67,42.65,42.67,42.61,309.65159
854,2020-05-26,42.65,42.63,42.68,42.62,228.77371
855,2020-05-26,42.63,42.66,42.66,42.62,175.25925
856,2020-05-26,42.65,42.61,42.65,42.5,2290.17669
857,2020-05-26,42.62,42.62,42.65,42.54,1367.69884
858,2020-05-26,42.63,42.67,42.68,42.61,788.88632
859,2020-05-26,42.66,42.7,42.7,42.62,566.30007
860,2020-05-26,42.7,42.7,42.71,42.65,469.98678
861,2020-05-26,42.7,42.72,42.72,42.65,585.14037
862,2020-05-26,42.7,42.65,42.72,42.64,351.89669
863,2020-05-26,42.65,42.65,42.67,42.63,237.70516
864,2020-05-26,42.64,42.68,42.71,42.6,640.67554
865,2020-05-26,42.67,42.65,42.68,42.62,149.52844
866,2020-05-26,42.65,42.52,42.65,42.52,752.9254
867,2020-05-26,42.52,42.55,42.6,42.5,804.36453
868,2020-05-26,42.54,42.53,42.56,42.51,645.66071
869,2020-05-26,42.54,42.51,42.54,42.5,663.75314
870,2020-05-26,42.51,42.51,42.55,42.49,692.41112
871,2020-05-26,42.49,42.44,42.49,42.42,529.51692
872,2020-05-26,42.43,42.55,42.58,42.42,1031.51587
873,2020-05-26,42.55,42.49,42.57,42.46,462.45094
874,2020-05-26,42.47,42.45,42.48,42.4,1535.51056
875,2020-05-26,42.45,42.52,42.56,42.43,469.85491
876,2020-05-26,42.53,42.5,42.53,42.48,451.44296
877,2020-05-26,42.49,42.52,42.53,42.48,264.79208
878,2020-05-26,42.52,42.59,42.63,42.52,1020.63504
879,2020-05-26,42.6,42.55,42.63,42.52,692.88232
880,2020-05-26,42.54,42.52,42.56,42.42,1223.05146
881,2020-05-26,42.52,42.65,42.66,42.52,917.54578
882,2020-05-26,42.64,42.62,42.65,42.6,727.27274
883,2020-05-26,42.62,42.59,42.66,42.59,693.54267
884,2020-05-26,42.59,42.31,42.6,42.2,5053.34887
885,2020-05-26,42.31,42.29,42.36,42.28,1332.2265
886,2020-05-26,42.29,42.21,42.29,42.07,3376.30279
887,2020-05-26,42.21,42.31,42.34,42.2,749.36032
888,2020-05-26,42.31,42.27,42.33,42.26,708.1924
889,2020-05-26,42.25,42.32,42.35,42.24,823.24242
890,2020-05-26,42.32,42.32,42.33,42.29,539.96273
891,2020-05-26,42.31,42.32,42.33,42.21,1732.25114
892,2020-05-26,42.31,42.15,42.31,42.07,4172.59299
893,2020-05-26,42.15,42.24,42.26,42.15,893.58849
894,2020-05-26,42.23,42.26,42.3,42.22,621.09183
895,2020-05-26,42.25,42.28,42.29,42.24,308.06378
896,2020-05-26,42.28,42.28,42.32,42.23,527.15249
897,2020-05-26,42.28,42.38,42.45,42.28,978.87993
898,2020-05-26,42.38,42.33,42.38,42.33,404.58438
899,2020-05-26,42.34,42.33,42.38,42.32,245.43148
900,2020-05-26,42.34,42.36,42.37,42.33,266.81739
901,2020-05-26,42.36,42.34,42.39,42.33,373.08169
902,2020-05-26,42.34,42.3,42.35,42.29,938.13933
903,2020-05-26,42.29,42.3,42.32,42.24,557.72446
904,2020-05-26,42.31,42.3,42.33,42.25,518.96808
905,2020-05-26,42.3,42.35,42.38,42.29,218.48295
906,2020-05-26,42.35,42.39,42.43,42.33,894.51719
907,2020-05-26,42.4,42.36,42.41,42.36,352.19387
908,2020-05-26,42.36,42.41,42.46,42.35,469.40856
909,2020-05-26,42.42,42.45,42.49,42.41,797.16784
910,2020-05-26,42.45,42.5,42.51,42.42,438.12552
911,2020-05-26,42.5,42.33,42.51,42.3,1896.64815
912,2020-05-26,42.32,42.37,42.39,42.32,375.40607
913,2020-05-26,42.38,42.4,42.43,42.36,537.12981
914,2020-05-26,42.4,42.35,42.4,42.31,305.72991
915,2020-05-26,42.34,42.32,42.38,42.31,285.3582
916,2020-05-26,42.32,42.38,42.39,42.31,420.05455
917,2020-05-26,42.39,42.33,42.39,42.31,578.9516
918,2020-05-26,42.32,42.28,42.32,42.22,1150.76989
919,2020-05-26,42.28,42.27,42.29,42.23,444.55745
920,2020-05-26,42.29,42.27,42.3,42.25,117.94087
921,2020-05-26,42.26,41.95,42.26,41.87,5312.91256
922,2020-05-26,41.93,42.0,42.03,41.85,1926.08085
923,2020-05-26,42.0,42.03,42.04,41.95,2253.48355
924,2020-05-26,42.04,41.99,42.04,41.94,514.36834
925,2020-05-26,41.98,42.08,42.08,41.95,935.35716
926,2020-05-26,42.08,42.03,42.1,42.01,578.72096
927,2020-05-26,42.03,41.87,42.06,41.76,3996.49003
928,2020-05-26,41.86,42.15,42.16,41.78,4988.14542
929,2020-05-26,42.11,42.18,42.24,42.1,2022.00715
930,2020-05-26,42.18,42.18,42.27,42.15,1329.48999
931,2020-05-26,42.18,42.23,42.28,42.14,735.4473
932,2020-05-26,42.24,42.19,42.26,42.13,771.07048
933,2020-05-26,42.19,42.22,42.27,42.16,995.69445
934,2020-05-26,42.22,42.19,42.23,42.12,581.9105
935,2020-05-26,42.18,42.17,42.2,42.1,585.75102
936,2020-05-26,42.17,42.12,42.2,42.1,401.02825
937,2020-05-26,42.11,42.23,42.24,42.11,799.14625
938,2020-05-26,42.23,42.17,42.26,42.17,567.3144
939,2020-05-26,42.17,42.23,42.23,42.17,136.97887
940,2020-05-26,42.19,42.24,42.26,42.19,276.70782
941,2020-05-26,42.23,42.28,42.3,42.22,487.05444
942,2020-05-26,42.28,42.34,42.4,42.28,906.45218
943,2020-05-26,42.34,42.31,42.37,42.29,689.52131
944,2020-05-26,42.31,42.35,42.36,42.27,713.52225
945,2020-05-26,42.36,42.34,42.38,42.33,269.40337
946,2020-05-26,42.34,42.24,42.37,42.2,551.94844
947,2020-05-26,42.23,42.23,42.26,42.21,1234.31552
948,2020-05-26,42.23,42.28,42.32,42.23,919.54512
949,2020-05-26,42.28,42.29,42.3,42.23,290.77115
950,2020-05-26,42.3,42.32,42.32,42.28,493.01988
951,2020-05-26,42.32,42.28,42.32,42.27,305.68647
952,2020-05-26,42.28,42.28,42.33,42.27,428.24764
953,2020-05-26,42.3,42.22,42.31,42.22,395.76785
954,2020-05-26,42.22,42.28,42.28,42.22,332.81178
955,2020-05-26,42.27,42.22,42.28,42.22,399.45076
956,2020-05-26,42.23,42.26,42.31,42.22,651.82765
957,2020-05-26,42.27,42.36,42.37,42.26,480.28448
958,2020-05-27,42.35,42.33,42.36,42.3,260.0168
959,2020-05-27,42.32,42.3,42.34,42.29,171.06685
960,2020-05-27,42.3,42.29,42.3,42.24,317.11059
961,2020-05-27,42.29,42.31,42.36,42.29,136.42278
962,2020-05-27,42.3,42.27,42.32,42.23,543.43269
963,2020-05-27,42.28,42.28,42.29,42.23,335.68967
964,2020-05-27,42.28,42.25,42.3,42.23,310.93616
965,2020-05-27,42.24,42.22,42.25,42.21,346.81379
966,2020-05-27,42.22,42.1,42.22,42.1,792.60865
967,2020-05-27,42.1,42.14,42.18,42.1,386.38084
968,2020-05-27,42.15,42.17,42.17,42.1,244.56247
969,2020-05-27,42.17,42.12,42.22,42.12,294.88737
970,2020-05-27,42.12,42.11,42.19,42.11,286.33209
971,2020-05-27,42.11,42.09,42.15,42.02,672.72245
972,2020-05-27,42.11,42.11,42.13,42.09,226.25843
973,2020-05-27,42.11,42.11,42.16,42.11,262.10461
974,2020-05-27,42.14,42.16,42.17,42.06,750.65266
975,2020-05-27,42.16,42.17,42.19,42.13,481.08857
976,2020-05-27,42.17,42.25,42.29,42.17,577.98785
977,2020-05-27,42.25,42.26,42.3,42.25,100.74181
978,2020-05-27,42.27,42.31,42.31,42.24,250.87801
979,2020-05-27,42.3,42.29,42.31,42.26,400.80197
980,2020-05-27,42.28,42.27,42.29,42.25,406.13181
981,2020-05-27,42.28,42.28,42.34,42.27,1352.21333
982,2020-05-27,42.27,42.28,42.3,42.27,87.63629
983,2020-05-27,42.29,42.32,42.34,42.28,235.46147
984,2020-05-27,42.32,42.31,42.34,42.27,316.00623
985,2020-05-27,42.31,42.55,42.6,42.29,3241.26736
986,2020-05-27,42.53,42.53,42.59,42.51,1102.59746
987,2020-05-27,42.52,42.49,42.53,42.48,388.16497
988,2020-05-27,42.48,42.48,42.56,42.46,1376.33819
989,2020-05-27,42.49,42.51,42.52,42.49,217.29479
990,2020-05-27,42.51,42.51,42.58,42.49,966.94838
991,2020-05-27,42.51,42.44,42.51,42.44,1124.50982
992,2020-05-27,42.44,42.44,42.45,42.39,643.52773
993,2020-05-27,42.43,42.48,42.49,42.42,239.5541
994,2020-05-27,42.47,42.43,42.47,42.42,359.23645
995,2020-05-27,42.43,42.4,42.46,42.39,383.70596
996,2020-05-27,42.39,42.39,42.41,42.37,352.8984
997,2020-05-27,42.38,42.34,42.4,42.31,391.2372
998,2020-05-27,42.32,42.31,42.35,42.3,213.97157
999,2020-05-27,42.31,42.32,42.34,42.28,159.99657
1000,2020-05-27,42.33,42.3,42.33,42.3,58.62503
