Date,Open,Close,High,Low,Volume
2018-01-01,13715.65,13380,13818.55,12750,8609.915844
2018-01-02,13382.16,14675.11,15473.49,12890.02,20078.092111
2018-01-03,14690,14919.51,15307.56,14150,15905.667639
2018-01-04,14919.51,15059.54,15280,13918.04,21329.649574
2018-01-05,15059.56,16960.39,17176.24,14600,23251.491125
2018-01-06,16960.39,17069.79,17143.13,16011.21,18571.457508
2018-01-07,17069.79,16150.03,17099.96,15610,12493.125558
2018-01-08,16218.85,14902.54,16322.3,12812,26600.609912
2018-01-09,14902.54,14400,15500,14011.05,14315.004253
2018-01-10,14401,14907.09,14955.66,13131.31,17411.001655
2018-01-11,14940,13238.78,14968.68,11400,33554.723751
2018-01-12,13238.76,13740.01,14109.78,12500,16417.162137
2018-01-13,13749.95,14210,14580,13706.15,12221.508528
2018-01-14,14210,13474.99,14339.5,12569.2,17017.894329
2018-01-15,13477.98,13539.93,14249.99,13147.79,14652.094705
2018-01-16,13500,10900,13542.93,9035,63401.169175
2018-01-17,10899.99,10988.79,11680.99,9037.94,72331.796646
2018-01-18,10972.59,10961.97,11878.82,10435.33,48464.434937
2018-01-19,10960,11474.98,11795,10360,34129.375421
2018-01-20,11474.98,12799.94,13099,11412.45,28768.857827
2018-01-21,12799.8,11530,12799.8,10965,41379.773426
2018-01-22,11530,10760.05,11926.35,9900.24,43752.606791
2018-01-23,10760.05,10799.18,11399,9905,37473.922552
2018-01-24,10799.14,11349.99,11570.48,10500,27158.587762
2018-01-25,11349.96,11175.27,11794.05,10950.21,20839.954183
2018-01-26,11184.7,11089,11643,10311.15,33056.87196
2018-01-27,11089,11491,11650,10842.69,18860.768345
2018-01-28,11499.98,11879.95,12244,11408,16887.339524
2018-01-29,11879.95,11251,11975.02,11139.55,14170.377538
2018-01-30,11250.11,10237.51,11308.42,9900,25554.372946
2018-01-31,10230,10285.1,10425.85,9700,18015.956805
2018-02-01,10285.1,9224.52,10335,8750.99,33564.764311
2018-02-02,9224.52,8873.03,9250,8010.02,49971.626975
2018-02-03,8873.03,9199.96,9473.01,8229,28725.000735
2018-02-04,9199.96,8184.81,9368,7930,32014.308449
2018-02-05,8179.99,6939.99,8382.8,6625,63403.182579
2018-02-06,6939.63,7652.14,7878,6000.01,100201.500307
2018-02-07,7655.02,7599,8476,7150.01,60778.460497
2018-02-08,7599,7784.02,7844,7572.09,1521.537318
2018-02-09,7789.9,8683.92,8738,7789.9,20482.910825
2018-02-10,8683.93,8533.98,9065.78,8120,49381.512653
2018-02-11,8533.99,8063.88,8549,7726.53,45025.187952
2018-02-12,8063.82,8903,8989,8053,41987.85049
2018-02-13,8903,8539.9,8950,8351,35454.972956
2018-02-14,8535.17,9449.99,9489.6,8533,40811.952867
2018-02-15,9449.98,10000.09,10219.5,9301.5,52427.596715
2018-02-16,10000.89,10159.98,10323.37,9666,38161.205974
2018-02-17,10156.07,11039.55,11075.07,10050,41882.108407
2018-02-18,11039.55,10383.43,11274,10080,61137.380728
2018-02-19,10375.01,11153,11250,10270.33,40831.417131
2018-02-20,11147.11,11200.99,11786.01,11100.59,48153.354288
2018-02-21,11195.07,10437.6,11304.03,10200,68113.818754
2018-02-22,10439.02,9811.04,10933.44,9679,67060.166483
2018-02-23,9815.55,10131.04,10435,9570.19,57202.70237
2018-02-24,10131.04,9694.51,10496.97,9352,40888.156299
2018-02-25,9694.51,9590,9847,9274.8,28373.517586
2018-02-26,9590,10324,10444.32,9350,34878.292756
2018-02-27,10321,10569.04,10870,10121,30705.385123
2018-02-28,10584.33,10326.76,11098,10300,30800.983782
2018-03-01,10325.64,10920,11060.41,10240,25092.55393
2018-03-02,10923.36,11039,11200,10770,23910.71009
2018-03-03,11038.99,11464.48,11544,11015.01,21287.15328
2018-03-04,11464.47,11515,11565,11050.02,17295.918653
2018-03-05,11515,11454,11710,11415.01,15144.231063
2018-03-06,11455,10716.48,11455,10555.48,29515.572363
2018-03-07,10716.48,9910,10899,9389.31,50647.67108
2018-03-08,9910,9271.64,10099,9060,41109.473226
2018-03-09,9267.07,9227,9410,8329,64112.291407
2018-03-10,9230,8770.22,9490,8667.07,37180.012857
2018-03-11,8770.22,9533.57,9740,8450,44325.973386
2018-03-12,9533.57,9131.34,9888.88,8780,42230.77793
2018-03-13,9131.34,9150,9474,8823,40191.409358
2018-03-14,9151.92,8170,9333.78,7900.28,49708.094108
2018-03-15,8184.01,8240.98,8430,7650,52291.022277
2018-03-16,8240.98,8260,8611.64,7900,38815.409893
2018-03-17,8260,7824.8,8348.62,7721.99,33110.206329
2018-03-18,7824.01,8189.99,8317.4,7322,59488.231711
2018-03-19,8189,8600,8705.23,8088.4,55297.084942
2018-03-20,8595.01,8909.98,9050,8280,44865.105835
2018-03-21,8909.96,8885,9177.01,8750.6,39972.405371
2018-03-22,8884.82,8722.9,9100,8465.1,40617.556809
2018-03-23,8720,8898.03,8909,8269,39991.007666
2018-03-24,8898.04,8546.86,8999.95,8491,35466.609572
2018-03-25,8531.25,8470.15,8669.85,8365.77,29001.769316
2018-03-26,8470.14,8134.23,8514.89,7831,44033.59566
2018-03-27,8134.22,7795.51,8215.94,7730,37427.64805
2018-03-28,7795.51,7949.3,8109,7728,26401.33167
2018-03-29,7949.3,7090.14,7975,6941.11,54620.915125
2018-03-30,7090.16,6840.23,7292.43,6600.1,65306.031976
2018-03-31,6840.24,6923.91,7223.36,6777,36868.539087
2018-04-01,6922,6813.01,7049.98,6430,44071.430463
2018-04-02,6813.01,7056,7125,6765,32123.560072
2018-04-03,7063.97,7405.21,7520,7011.01,37787.331811
2018-04-04,7405.21,6796.1,7427.52,6707,42227.183804
2018-04-05,6796.1,6770.76,6902,6566.69,39029.73146
2018-04-06,6770,6601.39,6850,6500,27455.01192
2018-04-07,6601.39,6895.8,7070,6586.28,32269.578267
2018-04-08,6895.81,7018,7109.13,6880,21427.673165
2018-04-09,7011.04,6782.72,7185,6611,34078.297206
2018-04-10,6781.55,6843.9,6890,6656,22326.728095
2018-04-11,6839.56,6953.79,6990,6787,23997.871177
2018-04-12,6953.78,7923,8012.23,6743.2,64861.595987
2018-04-13,7922.99,7877.41,8233.39,7732,55044.523148
2018-04-14,7877.48,7999.01,8186,7810,31621.286357
2018-04-15,8004,8355,8429.54,7999.02,27946.720444
2018-04-16,8355.07,8064.92,8419,7867,36664.069715
2018-04-17,8064.92,7885.02,8173.7,7825.4,32152.603567
2018-04-18,7890.96,8173,8236.43,7868,26969.04457
2018-04-19,8173.99,8278,8296,8080,27113.847464
2018-04-20,8273.84,8856.98,8930,8177.09,39795.337485
2018-04-21,8852.12,8915.31,9035,8565,40872.229909
2018-04-22,8915.31,8787.02,9020.67,8727.68,29458.25348
2018-04-23,8785.7,8934.01,8985,8745,25838.114709
2018-04-24,8934,9619.99,9731.01,8922,46268.790106
2018-04-25,9618.96,8869.99,9759.82,8730,81110.037589
2018-04-26,8869.99,9266,9307.48,8651.62,43300.304245
2018-04-27,9267.03,8915.35,9395,8889,37241.347036
2018-04-28,8915.35,9348,9427.48,8870,34759.62842
2018-04-29,9348,9419,9570.51,9163.74,38149.850035
2018-04-30,9417.04,9246.01,9458.64,9124.99,35002.033875
2018-05-01,9246.01,9071.48,9248.99,8800.49,41018.463633
2018-05-02,9071.48,9247.84,9268,8970.2,26123.543961
2018-05-03,9247.81,9750,9844,9168.4,38768.388288
2018-05-04,9750,9713.99,9830.04,9520.85,28681.588879
2018-05-05,9714,9864,10020,9682,24990.018345
2018-05-06,9863.99,9659.01,9970,9417.03,27690.351559
2018-05-07,9661.02,9365,9689.67,9181,33787.640012
2018-05-08,9365,9187.56,9475.7,9060.54,25533.831889
2018-05-09,9178,9310,9390,8965,25673.524899
2018-05-10,9310,9002.2,9395.12,8970,25055.063718
2018-05-11,9002.21,8400,9016.8,8341,48227.048061
2018-05-12,8405.94,8465.94,8646.88,8153,40241.32081
2018-05-13,8475.44,8679.71,8763.36,8298,25632.869362
2018-05-14,8679.71,8663.34,8879.99,8277,37389.666533
2018-05-15,8663.37,8462,8859.99,8401.3,28126.956136
2018-05-16,8462,8330,8488,8083.01,31130.718908
2018-05-17,8330,8041.46,8464,7979,25439.844799
2018-05-18,8038.82,8239.81,8273.21,7911.9,23476.158251
2018-05-19,8238.01,8233.49,8390.8,8095.73,17193.424276
2018-05-20,8233.49,8526.98,8609,8163.9,19957.057109
2018-05-21,8526.97,8381.24,8595.31,8305,21516.596486
2018-05-22,8386.89,7977.11,8400.18,7935.11,23710.902858
2018-05-23,7977.12,7501.95,8031.9,7425,42910.666774
2018-05-24,7501.95,7575.01,7730.73,7266.99,37845.446595
2018-05-25,7578.99,7457,7649.55,7308.15,26739.95664
2018-05-26,7456.99,7333.96,7620,7300,19464.086071
2018-05-27,7334,7338.99,7400,7231.11,18706.945515
2018-05-28,7338.99,7099,7437,7058.02,27219.438963
2018-05-29,7099,7461.29,7540,7032.95,39407.21183
2018-05-30,7467.98,7375.96,7569,7260.5,32041.583623
2018-05-31,7382.07,7485.01,7699,7327.51,30776.063102
2018-06-01,7485.01,7521.01,7608.55,7355.54,28259.124078
2018-06-02,7521.01,7640.03,7697.33,7437,26720.690219
2018-06-03,7636.81,7714.26,7786.69,7600,27505.158951
2018-06-04,7714.26,7487,7760.52,7446.5,32258.835115
2018-06-05,7487,7625,7679.49,7358,31722.973384
2018-06-06,7626.64,7658.84,7699,7467.05,27229.991898
2018-06-07,7658.79,7691.08,7765,7620,25062.227202
2018-06-08,7691.08,7603.44,7703.5,7531,23396.804671
2018-06-09,7603.44,7491.73,7683.98,7450,19339.885176
2018-06-10,7491.73,6764.99,7491.73,6622.81,52342.020032
2018-06-11,6765,6872,6922,6610,34552.162303
2018-06-12,6872,6530,6890.51,6435,36722.211191
2018-06-13,6530,6292.78,6627.6,6118.68,46185.5181
2018-06-14,6292.78,6635.98,6720,6260,44478.130837
2018-06-15,6638.67,6388.9,6666.66,6362.31,30018.329905
2018-06-16,6380.01,6483.98,6560,6320.86,22277.241147
2018-06-17,6482.5,6449.61,6589.03,6422,19847.247688
2018-06-18,6444.06,6712.46,6794.38,6380,31821.434995
2018-06-19,6711.39,6741.21,6841.74,6653,24311.421143
2018-06-20,6740,6761.51,6817.23,6551.81,26359.752452
2018-06-21,6763.21,6718.84,6795,6672.57,25428.854048
2018-06-22,6717.69,6045,6733.97,5918.94,52157.370833
2018-06-23,6045.92,6149.98,6260,6008.48,26622.788589
2018-06-24,6149.98,6136.97,6259.8,5750,47445.998955
2018-06-25,6137.95,6252,6350,6061.97,39164.515306
2018-06-26,6252,6070.78,6272.54,6035,19377.240484
2018-06-27,6065.89,6133.73,6190.43,5971,19225.671098
2018-06-28,6134.73,5853.98,6173.01,5827,30585.266026
2018-06-29,5851.01,6197.92,6300,5780,33911.287278
2018-06-30,6197.92,6390.07,6528.99,6186.03,37919.61284
2018-07-01,6391.08,6356.81,6441.06,6251,27562.965974
2018-07-02,6360.82,6615.29,6685,6271.62,36230.452264
2018-07-03,6615.29,6513.86,6679.35,6463.01,38657.781691
2018-07-04,6511.01,6586.98,6784.92,6441.11,23571.892777
2018-07-05,6585.53,6529.2,6712,6453.33,35071.972898
2018-07-06,6529.2,6609.78,6648.54,6425,29397.094748
2018-07-07,6609.79,6756.98,6818.16,6508.88,23973.876886
2018-07-08,6753.48,6712.1,6780,6667.44,24622.947794
2018-07-09,6712.1,6662.12,6802.06,6612.24,26732.40655
2018-07-10,6662.78,6296.91,6681,6263,38560.672702
2018-07-11,6296.91,6378.07,6406,6278.99,28715.498487
2018-07-12,6378.07,6250.57,6380.28,6070,31306.663348
2018-07-13,6251.4,6214.57,6350,6110,26375.325286
2018-07-14,6214.57,6251.99,6335,6178,17783.071999
2018-07-15,6250.9,6353.01,6395,6225.4,22979.211508
2018-07-16,6354.15,6723.35,6747.3,6330.4,36204.87708
2018-07-17,6723.33,7317.44,7468.99,6652.04,52105.423459
2018-07-18,7317.44,7381.9,7588.08,7225.38,59487.64345
2018-07-19,7381.88,7466.21,7576.28,7270,41218.256437
2018-07-20,7468.86,7337.53,7700,7273,46140.313447
2018-07-21,7337.47,7398.78,7458.47,7211,28886.490291
2018-07-22,7399.25,7394.79,7582.4,7335.5,30270.21844
2018-07-23,7394.78,7721.01,7833,7375,41646.346671
2018-07-24,7721.65,8397.24,8486,7696,60121.163749
2018-07-25,8397.24,8175.64,8491.77,8050,48257.649124
2018-07-26,8175.63,7920,8315.69,7850.06,43223.481682
2018-07-27,7920,8188.57,8285,7805,43671.005891
2018-07-28,8188.57,8225.04,8246.54,8067,26215.173839
2018-07-29,8225.04,8211,8294.51,8115,25531.226185
2018-07-30,8210.99,8173.92,8273,7866,39692.416542
2018-07-31,8171.4,7730.93,8180,7633,48296.915587
2018-08-01,7735.67,7604.58,7750,7430,42582.312932
2018-08-02,7600.08,7525.71,7709.46,7455.72,37665.696684
2018-08-03,7525.71,7418.78,7540,7282.44,44669.486047
2018-08-04,7412.27,7009.84,7494.81,6926,36288.42601
2018-08-05,7009.84,7024.19,7089.87,6882.29,32894.849782
2018-08-06,7024.19,6934.82,7160,6821,32760.191643
2018-08-07,6935,6720.06,7150.46,6670,45438.473501
2018-08-08,6720.63,6285,6721.54,6123,59550.536319
2018-08-09,6283.27,6529.79,6622.81,6178.6,51941.185111
2018-08-10,6529.79,6144.01,6575.88,6026.39,59034.974902
2018-08-11,6148.13,6232.35,6488,5971,47133.418555
2018-08-12,6222.55,6308.33,6472.3,6130,38567.770712
2018-08-13,6308.56,6246.35,6545,6145.04,53895.828783
2018-08-14,6248.25,6188.08,6250.33,5880,50186.745091
2018-08-15,6188.08,6267.16,6609,6172.11,68806.687026
2018-08-16,6265.27,6311.75,6480,6205.6,48515.254618
2018-08-17,6316,6584.49,6585,6285.4,57851.610803
2018-08-18,6579.04,6387.96,6620,6288,53742.322172
2018-08-19,6387.96,6477.53,6541,6300,45190.847994
2018-08-20,6477.53,6254.84,6530,6220,49435.55526
2018-08-21,6251,6480,6500,6235.08,41569.947408
2018-08-22,6479.98,6360.89,6882.54,6251.2,77909.391359
2018-08-23,6362.57,6525.01,6576.99,6342.28,40358.166825
2018-08-24,6525,6681.64,6725,6440.5,38305.675322
2018-08-25,6686.98,6733.64,6789,6650.61,19220.505929
2018-08-26,6733.64,6700,6775.27,6568,20107.297208
2018-08-27,6700,6908.64,6940.51,6646.5,37747.078747
2018-08-28,6907.26,7076.11,7135,6860,48352.917163
2018-08-29,7077,7031.22,7133.81,6912.34,43252.487392
2018-08-30,7033.21,6984.84,7063.63,6784.81,44716.77462
2018-08-31,6984.84,7011.21,7089,6888,40467.400638
2018-09-01,7011.21,7200.01,7275,7008.74,40323.414093
2018-09-02,7201.57,7302.01,7345.45,7127,39814.840352
2018-09-03,7302,7263.02,7338.28,7191.63,32396.018371
2018-09-04,7263,7359.06,7410,7227.17,35300.640518
2018-09-05,7359.05,6700,7397.3,6682,63715.256267
2018-09-06,6697.27,6516.01,6725,6265,60644.464227
2018-09-07,6516.84,6395.54,6544,6320,38906.28805
2018-09-08,6395.54,6185.05,6478,6111,38215.032171
2018-09-09,6185.06,6250.81,6441,6141.53,37053.92382
2018-09-10,6252.26,6312,6373.98,6221,32439.456432
2018-09-11,6311.99,6294.91,6404,6169.68,33104.88859
2018-09-12,6293,6338.62,6360,6192.37,31433.645939
2018-09-13,6338.62,6487.38,6535,6337.4,40465.063107
2018-09-14,6487.39,6476.63,6584.99,6385.62,37173.339277
2018-09-15,6476.63,6514.96,6565.45,6466.13,25243.656612
2018-09-16,6514.96,6505,6524.62,6370,27568.132897
2018-09-17,6500.08,6248.69,6533.84,6201,35987.254738
2018-09-18,6248.69,6336.45,6390,6224.98,32620.86667
2018-09-19,6336.39,6391.89,6517.7,6123,39044.080082
2018-09-20,6392,6492,6540,6325,25189.024728
2018-09-21,6492,6759.02,6784.86,6491,51779.343463
2018-09-22,6759.01,6723.05,6839.03,6627,29349.690667
2018-09-23,6723.05,6708,6788.23,6661.75,30286.229773
2018-09-24,6706.81,6581.39,6730,6557,35305.73991
2018-09-25,6581.42,6447.54,6584.01,6325.02,40301.029452
2018-09-26,6445.11,6465.12,6557.99,6379.7,33484.54207
2018-09-27,6467.84,6689.13,6750,6434,33087.428297
2018-09-28,6689.12,6634.58,6814.8,6540.88,42399.448523
2018-09-29,6634.58,6596.38,6636,6464.57,30255.9597
2018-09-30,6597.66,6626.57,6662,6533,27764.724519
2018-10-01,6626.57,6611.61,6667.09,6510,20621.506894
2018-10-02,6610,6525.79,6640,6494,28245.810088
2018-10-03,6525.79,6510,6549,6430,28451.969138
2018-10-04,6510.01,6593.79,6643.46,6505.09,20074.300818
2018-10-05,6591.69,6635.65,6697,6543.08,16096.552392
2018-10-06,6635.65,6594.27,6651,6566.77,10939.505391
2018-10-07,6596.44,6615.26,6640,6525,17406.831762
2018-10-08,6615.26,6673.01,6715.6,6587,23123.419541
2018-10-09,6673.01,6656.61,6685.38,6607,15354.779469
2018-10-10,6656.67,6631,6659.95,6530,15390.661444
2018-10-11,6630.21,6252.68,6633.92,6205,48712.400332
2018-10-12,6252.71,6298.01,6360,6209,29004.071419
2018-10-13,6298,6332.93,6345,6285.07,19098.070025
2018-10-14,6332.92,6339.34,6416,6308,15627.411314
2018-10-15,6339.34,6752.5,7680,6300,90748.031246
2018-10-16,6752.5,6759.27,6900,6670,27557.957764
2018-10-17,6762.76,6740.89,6811.12,6676.01,26641.431379
2018-10-18,6739.01,6618.96,6796,6567,20116.521941
2018-10-19,6618.96,6528.88,6648.14,6523,20772.60077
2018-10-20,6528.88,6588.4,6617.65,6505.55,19240.722247
2018-10-21,6585.72,6590.11,6663.9,6580,6515.357792
2018-10-22,6590.12,6581.2,6639,6535.27,16213.69266
2018-10-23,6581.2,6553.51,6595,6515.45,13856.601756
2018-10-24,6553.51,6565.5,6630,6547.53,11951.543977
2018-10-25,6566.81,6528.09,6575.09,6502.8,10342.701244
2018-10-26,6528.13,6538.63,6600,6515.01,9443.504156
2018-10-27,6538.63,6505.6,6558.35,6463.04,7776.907864
2018-10-28,6505.6,6489.93,6514.17,6453,5743.933728
2018-10-29,6489.93,6344.5,6505.01,6315,13827.224067
2018-10-30,6344.5,6330.87,6395,6317.01,8877.175385
2018-10-31,6330.01,6371.93,6428,6245.02,12148.888216
2018-11-01,6369.52,6410,6442.65,6348.66,9099.035841
2018-11-02,6410,6433.98,6460.34,6388.2,9739.440679
2018-11-03,6432.8,6387.09,6439.97,6345,7661.241476
2018-11-04,6388,6485.85,6525,6359,10592.394943
2018-11-05,6485.85,6468.99,6504.39,6431.02,8987.882156
2018-11-06,6468.99,6519.11,6531.31,6445.18,11926.565699
2018-11-07,6522.73,6578.46,6615.15,6509,14271.591117
2018-11-08,6578.46,6479.84,6594,6468.22,13259.789282
2018-11-09,6479.84,6419.99,6511.53,6391.01,11787.616583
2018-11-10,6419.99,6433.05,6475.55,6411,7714.829926
2018-11-11,6435.16,6449.81,6462.14,6355,8213.507117
2018-11-12,6450.71,6453.07,6497,6421,10132.782567
2018-11-13,6451.68,6457.66,6498,6391.15,11790.564933
2018-11-14,6458.98,5922.41,6482.84,5656.87,46478.964003
2018-11-15,5917.2,5753.4,5939.54,5403.42,47700.829401
2018-11-16,5757.09,5655.94,5782.89,5549.25,38721.802274
2018-11-17,5650.57,5628.29,5656.6,5565.43,26411.241413
2018-11-18,5630.49,5662,5738.17,5617,23844.999347
2018-11-19,5661.94,4910.03,5664,4855,70580.892856
2018-11-20,4913.4,4558.86,5048.24,4326,117380.95159
2018-11-21,4559.91,4661.07,4787.2,4413.85,61071.829475
2018-11-22,4661.08,4370,4721.77,4335,34531.119143
2018-11-23,4370.9,4420.61,4484,4222.94,49371.920322
2018-11-24,4415.63,3932.44,4527,3824.69,61693.111006
2018-11-25,3933.68,4085.78,4233,3652.66,101693.975588
2018-11-26,4088.69,3862.2,4206,3701,94503.750767
2018-11-27,3864.45,3875.21,3940,3689.12,67480.607212
2018-11-28,3875.63,4264.85,4394.47,3874.27,91983.567949
2018-11-29,4262.06,4295.84,4450.38,4125.65,73980.198669
2018-11-30,4295.72,4041.32,4341.36,3943,67758.446283
2018-12-01,4041.27,4190.02,4299.99,3963.01,44840.073481
2018-12-02,4190.98,4161.01,4312.99,4103.04,38912.15479
2018-12-03,4160.55,3884.01,4179,3827,49094.369163
2018-12-04,3884.76,3951.64,4085,3781,48489.551613
2018-12-05,3950.98,3769.84,3970,3745,44004.799448
2018-12-06,3768.44,3508.75,3899.99,3500,68378.796943
2018-12-07,3508.75,3403.55,3549.99,3224.6,95145.457442
2018-12-08,3403.57,3410.93,3495,3222,55365.949949
2018-12-09,3411.36,3545.37,3658,3394.04,45956.893296
2018-12-10,3548.49,3432.88,3610,3370.11,40989.244553
2018-12-11,3434.01,3380.39,3480,3324.32,35920.864154
2018-12-12,3379.23,3445,3492,3350,33922.931286
2018-12-13,3446.38,3302.06,3460,3255.5,40040.917013
2018-12-14,3302.06,3224.17,3335.39,3177,44492.983807
2018-12-15,3225.19,3211.72,3276.5,3156.26,29796.041436
2018-12-16,3211.71,3228.67,3294,3186,24628.808538
2018-12-17,3229.22,3509.08,3585,3216,66761.751697
2018-12-18,3509.03,3652.98,3678.59,3424.47,61369.615257
2018-12-19,3653,3662.22,3912.73,3622.55,94137.341014
2018-12-20,3660.01,4049.62,4120,3635,101543.835986
2018-12-21,4051.86,3838.66,4139.99,3764,82343.850112
2018-12-22,3840.25,3948.91,3979,3785,42822.350872
2018-12-23,3948.91,3929.71,4021.53,3870,40117.531529
2018-12-24,3929.71,4008.01,4198,3924.83,64647.809129
2018-12-25,4010.11,3745.79,4020,3646.41,62725.629432
2018-12-26,3745.56,3777.74,3837.15,3656.74,42629.375817
2018-12-27,3777.74,3567.91,3813.98,3535,44097.392912
2018-12-28,3567.89,3839.26,3887.25,3540.04,45964.304987
2018-12-29,3839,3695.32,3892,3670,38874.373903
2018-12-30,3696.71,3801.91,3903.5,3657.9,33222.369262
2018-12-31,3803.12,3702.9,3810,3630.33,29991.77835
2019-01-01,3701.23,3797.14,3810.16,3642,23741.687033
2019-01-02,3796.45,3858.56,3882.14,3750.45,35156.463369
2019-01-03,3857.57,3766.78,3862.74,3730,29406.948359
2019-01-04,3767.2,3792.01,3823.64,3703.57,29519.554671
2019-01-05,3790.09,3770.96,3840.99,3751,30490.667751
2019-01-06,3771.12,3987.6,4027.71,3740,36553.806709
2019-01-07,3987.62,3975.45,4017.9,3921.53,31869.846264
2019-01-08,3976.76,3955.13,4069.8,3903,38901.423122
2019-01-09,3955.45,3966.65,4006.81,3930.04,28989.439511
2019-01-10,3966.06,3585.88,3996.01,3540,59402.22851
2019-01-11,3585.88,3601.31,3658,3465,38338.654733
2019-01-12,3601.31,3583.13,3618.19,3530,21999.928354
2019-01-13,3584.1,3476.81,3611.1,3441.3,26385.757454
2019-01-14,3477.56,3626.09,3671.87,3467.02,35235.211215
2019-01-15,3626.08,3553.06,3648.42,3516.62,34137.997459
2019-01-16,3553.06,3591.84,3645,3543.51,27480.179977
2019-01-17,3591.84,3616.21,3634.7,3530.39,29755.440838
2019-01-18,3613.32,3594.87,3620,3565.75,22713.446755
2019-01-19,3594.87,3665.3,3720,3594.23,22171.578123
2019-01-20,3665.75,3539.28,3693.73,3475,27901.938598
2019-01-21,3539.26,3526.9,3559.51,3475.5,19644.436839
2019-01-22,3526.88,3570.93,3608.5,3434.85,29336.442967
2019-01-23,3570.41,3552.82,3607.98,3514.5,24938.842698
2019-01-24,3552.97,3569.62,3589,3529.22,20826.25118
2019-01-25,3569.07,3565.29,3587.15,3522.51,17608.346671
2019-01-26,3566.69,3565.25,3662.94,3545,19476.532344
2019-01-27,3565.62,3550.84,3579,3486,22735.598162
2019-01-28,3550.05,3434.15,3557.75,3380.27,40405.111401
2019-01-29,3434,3411.04,3443.45,3349.92,29544.928977
2019-01-30,3410.04,3458.18,3478,3387.1,23968.260243
2019-01-31,3457.5,3434.1,3489.2,3418.8,29607.190253
2019-02-01,3434.1,3462.07,3488,3401.2,25260.476159
2019-02-02,3462.2,3504.77,3526.4,3440.29,17920.802
2019-02-03,3504.06,3458.11,3511.09,3426,19867.33639
2019-02-04,3458.11,3463.22,3484.88,3433.31,23131.981108
2019-02-05,3463.22,3471.59,3478.97,3448.43,25264.41503
2019-02-06,3471.57,3405.37,3482.72,3380,35310.244846
2019-02-07,3407,3398.4,3426.45,3390,18665.538638
2019-02-08,3398.4,3659.04,3733.58,3373.1,47968.058013
2019-02-09,3660.27,3665.18,3680.02,3625.13,24759.833719
2019-02-10,3665.18,3680.06,3684.99,3609.76,23250.602634
2019-02-11,3679.75,3631.05,3684.9,3615.53,24954.614571
2019-02-12,3631.05,3631.46,3667.6,3582.34,29479.59823
2019-02-13,3631.51,3609.4,3670,3591.75,25773.997648
2019-02-14,3608.34,3590.56,3626.4,3568.11,21753.501261
2019-02-15,3590.57,3602.47,3653.23,3573.45,20777.872899
2019-02-16,3602.49,3618.41,3648.2,3597.91,19565.992751
2019-02-17,3617.22,3667.58,3700.11,3604.4,25690.227779
2019-02-18,3667.62,3898.6,3925,3655,64042.730492
2019-02-19,3897.35,3907.79,3994.52,3856,50207.172667
2019-02-20,3907.35,3969.74,3986.98,3870.66,36205.14085
2019-02-21,3969.74,3937.31,4016.48,3901.03,31103.884728
2019-02-22,3937.31,3962,3988,3926.65,23943.16375
2019-02-23,3962,4117.76,4162.02,3933.15,33657.942883
2019-02-24,4118,3743.56,4198,3712.66,62224.18689
2019-02-25,3743.56,3827.92,3872.66,3740,38102.966245
2019-02-26,3828.44,3809.23,3841.51,3777,28838.748036
2019-02-27,3809.31,3818.07,3838.85,3677.17,31500.995466
2019-02-28,3818.04,3813.69,3888,3763.87,32561.961044
2019-03-01,3814.26,3823,3857,3813.01,23174.57217
2019-03-02,3822.17,3819.93,3841.31,3772.25,19445.838355
2019-03-03,3819.97,3807.75,3835,3781.32,16718.16541
2019-03-04,3807.32,3715.3,3830,3670.69,34742.84166
2019-03-05,3716.1,3857.73,3877.1,3703.55,32962.536162
2019-03-06,3857.58,3861.84,3907,3813.09,24775.11883
2019-03-07,3861.84,3873.64,3905.4,3840.4,26455.257661
2019-03-08,3873.63,3864.89,3932,3800,34730.366592
2019-03-09,3864.88,3943.04,3971.75,3854.75,30979.747653
2019-03-10,3943.43,3916.82,3943.43,3881.69,23187.561412
2019-03-11,3915.99,3871.61,3936.98,3830,38066.885705
2019-03-12,3871.61,3882.73,3905.2,3826.06,26921.008622
2019-03-13,3882.69,3866,3893.56,3840,24461.008757
2019-03-14,3866,3877.12,3920,3810.43,27048.74853
2019-03-15,3877.12,3923.76,3939.22,3872.2,21740.061498
2019-03-16,3924.46,4005.98,4056.98,3921.98,28568.376124
2019-03-17,4005.98,3981.14,4012,3950.01,18814.255577
2019-03-18,3981.85,3987.81,4037,3953.33,22454.47801
2019-03-19,3987.83,4015.53,4031,3970,19893.741815
2019-03-20,4017.48,4043.04,4050,3980.5,23432.300255
2019-03-21,4043.04,3980.64,4069.32,3880.01,35997.682119
2019-03-22,3980.85,3986.93,4008,3968.25,20022.606318
2019-03-23,3987.89,4006.01,4018.83,3978.01,17302.604318
2019-03-24,4006.01,3992.18,4006.02,3950,17179.850648
2019-03-25,3991.35,3936.12,3999.3,3888.71,33192.890217
2019-03-26,3935.47,3948.55,3958.98,3894,29349.537627
2019-03-27,3948.77,4038.05,4048,3936.15,32364.555852
2019-03-28,4039.58,4027.81,4039.7,4002,20089.293875
2019-03-29,4028.22,4103.25,4123.71,4024.03,30084.217444
2019-03-30,4104.24,4106.97,4140,4052,19509.292601
2019-03-31,4106.99,4103.95,4116.12,4082.57,13525.087433
2019-04-01,4102.44,4144.56,4158.7,4067,25507.067641
2019-04-02,4144.54,4857.29,4897.99,4140.54,105383.639263
2019-04-03,4857.19,4932.6,5275.01,4753.5,109890.125743
2019-04-04,4932.59,4898.66,5039.08,4777,61054.254168
2019-04-05,4898.64,5004.95,5028.22,4880.62,39768.552806
2019-04-06,5004.96,5043.89,5205,4928.59,41770.842313
2019-04-07,5042.07,5170.27,5234,5026,37615.486804
2019-04-08,5170.27,5236.9,5305,5039,50178.430782
2019-04-09,5238.38,5150,5238.4,5076.68,34067.012311
2019-04-10,5150,5308.25,5422,5135,40073.620471
2019-04-11,5307.86,5017.37,5332.67,4927,54696.600686
2019-04-12,5017.37,5048.01,5080.58,4861.22,33276.678614
2019-04-13,5047,5045.22,5099,5004,17292.456802
2019-04-14,5047.45,5131.3,5152.99,5000,18281.607739
2019-04-15,5131.28,5024.95,5167.38,4950,29057.191581
2019-04-16,5024.95,5173.72,5197.72,5003.94,24242.229493
2019-04-17,5173.72,5202.82,5230.4,5146.8,23307.536134
2019-04-18,5202.41,5258.44,5287,5198.8,22619.239001
2019-04-19,5258.44,5258.68,5320,5175,24611.236323
2019-04-20,5258.68,5291.73,5333.42,5230.1,19168.908274
2019-04-21,5292.91,5256.14,5314.35,5165,25549.570939
2019-04-22,5257.41,5357.14,5400,5208.35,29563.852309
2019-04-23,5357.14,5493.31,5600,5332.41,41262.103917
2019-04-24,5490.91,5415,5582.2,5333.35,48224.152413
2019-04-25,5415,5219.9,5491.84,5102,49636.089948
2019-04-26,5220.47,5314.1,5510,5161.62,48912.294513
2019-04-27,5315,5295.69,5342.5,5257.67,15422.896935
2019-04-28,5295.69,5307.52,5340,5259.48,14371.433869
2019-04-29,5309.81,5238.14,5332,5178.8,19918.135079
2019-04-30,5238.14,5320.81,5339.98,5192.15,22238.06823
2019-05-01,5321.94,5383.2,5402,5316.2,17217.473216
2019-05-02,5383.2,5492.87,5538,5370,22795.787835
2019-05-03,5494.81,5772.69,5844,5477.57,46297.172849
2019-05-04,5770.62,5829.45,5900,5587.45,39682.408991
2019-05-05,5829.83,5775.62,5839.9,5696,23822.543775
2019-05-06,5773.18,5747.79,5805,5619.14,25256.596325
2019-05-07,5749.92,5846.34,6028.41,5747.74,39905.064422
2019-05-08,5846.34,5987.29,6014.72,5772.2,23074.05152
2019-05-09,5986.66,6209.18,6224.55,5983.71,27453.011436
2019-05-10,6209.95,6373.33,6468.92,6172,36623.61079
2019-05-11,6375.16,7076.22,7343.99,6372.85,74022.424393
2019-05-12,7076.24,6967.31,7521.78,6750,86948.975339
2019-05-13,6968.24,7790.71,8100,6870,85804.735333
2019-05-14,7795.62,7947.56,8366,7599.56,76583.722603
2019-05-15,7945.26,8169.87,8249,7850,37884.327211
2019-05-16,8169.08,7866.59,8320,7705,69630.513996
2019-05-17,7868.67,7355.26,7925,6913,88752.008159
2019-05-18,7355.28,7257.45,7458,7156.61,37054.944779
2019-05-19,7257.32,8148.48,8275.09,7243.08,65577.442058
2019-05-20,8147.94,7938.15,8156.03,7553,65859.208564
2019-05-21,7937.16,7904.87,8042.32,7771,52301.752247
2019-05-22,7904.48,7628.43,8016,7465,49136.994589
2019-05-23,7627.8,7851.51,7940.98,7461,49648.184701
2019-05-24,7849.95,7964.87,8130,7766,46664.785325
2019-05-25,7964.52,8025.41,8091.8,7908.34,28414.328817
2019-05-26,8023,8614.43,8740,7833.42,49652.144567
2019-05-27,8612.54,8756.32,8908.32,8589,51886.768793
2019-05-28,8752.52,8715.64,8798.49,8510.63,31470.551534
2019-05-29,8716.87,8645.68,8750,8406.6,33880.865922
2019-05-30,8646.5,8269.54,9074.26,8005,70379.998521
2019-05-31,8267.1,8555,8594,8108.5,44727.49162
2019-06-01,8555,8544.07,8626,8442.36,31868.234157
2019-06-02,8545.1,8725.98,8814.78,8524,27835.133265
2019-06-03,8726,8115.82,8800.95,8080.8,45692.965104
2019-06-04,8115.66,7687.03,8115.66,7481.02,74143.948941
2019-06-05,7687.04,7776.5,7896.7,7572.78,48679.656455
2019-06-06,7778.08,7786.7,7868.13,7444.58,36624.118747
2019-06-07,7787.57,7980.53,8100,7737.49,33942.225658
2019-06-08,7978.94,7893.62,8044.65,7751,22657.329634
2019-06-09,7895.28,7628.13,7935,7506.66,31568.465157
2019-06-10,7627.57,7982.75,8020,7511,36756.078468
2019-06-11,7981,7884.9,8010,7692.23,30334.999427
2019-06-12,7884.9,8127.64,8200,7788.99,41597.082622
2019-06-13,8127.64,8218.54,8309.82,8010.03,30467.764341
2019-06-14,8216.44,8650,8684.41,8144.32,39835.246255
2019-06-15,8650.88,8808.7,8864.99,8567.63,31791.636039
2019-06-16,8810.77,8953.33,9333,8760,63289.251219
2019-06-17,8953,9313.96,9444,8950,47895.485374
2019-06-18,9312.13,9081.55,9336.36,8950,51554.569401
2019-06-19,9081.97,9255.49,9304,8960,32147.706495
2019-06-20,9253.76,9517.12,9590,9175.2,34556.053982
2019-06-21,9518.06,10159.86,10174.99,9518.06,50484.415892
2019-06-22,10159.86,10729.5,11160,9921.72,104169.447976
2019-06-23,10729,10906.07,11392.64,10555.18,57445.323945
2019-06-24,10905.95,11056.59,11143.63,10620.8,43101.045285
2019-06-25,11056.59,11820.86,11850,11026,61276.686648
2019-06-26,11821.28,13093.8,13970,11741,155930.147386
2019-06-27,13098.38,11329.99,13478.04,10525.1,173894.820889
2019-06-28,11329.99,12400.63,12480,10982.88,95795.203964
2019-06-29,12407.06,11903.13,12441.54,11475.02,69642.074157
2019-06-30,11903.13,10854.1,12180,10766.03,84512.530443
2019-07-01,10854.1,10624.93,11282.28,10030,90962.268271
2019-07-02,10624.9,10842.85,10938.75,9727,109561.038728
2019-07-03,10844.98,11940,11991.89,10841.04,96815.90029
2019-07-04,11940,11145.67,12000,11055,66512.221892
2019-07-05,11145.67,10970.73,11406.83,10796.44,63534.350582
2019-07-06,10982.41,11256.49,11665,10964.51,51469.496331
2019-07-07,11256.45,11406.24,11538,11094.37,38884.795599
2019-07-08,11410,12238.6,12338.03,11220,52182.367215
2019-07-09,12238.6,12543.41,12794.73,12068,78442.130343
2019-07-10,12548.51,12108.37,13147.08,11569,109246.044997
2019-07-11,12108.11,11342.89,12111.73,11000,87506.461058
2019-07-12,11342.88,11757.22,11885,11073,56321.858281
2019-07-13,11757.22,11355.76,11799.98,10830,54245.594548
2019-07-14,11355.78,10174.18,11452,10103,72517.579236
2019-07-15,10174.18,10838.72,11100,9860,81922.426332
2019-07-16,10833.78,9439.59,11028,9350.01,97219.443413
2019-07-17,9430.17,9667.92,9957,9060,84942.672717
2019-07-18,9668.86,10627.16,10788,9252,80283.310252
2019-07-19,10628.64,10504.29,10769.71,10121.84,56546.932133
2019-07-20,10505.78,10740.23,11068.99,10350,47331.899848
2019-07-21,10740.27,10589.45,10817.9,10288,38834.287935
2019-07-22,10590.15,10340.31,10683.16,10100,40467.954839
2019-07-23,10343.08,9864.91,10343.97,9822,47624.37071
2019-07-24,9864.78,9763.28,9937,9525,43475.380377
2019-07-25,9763.4,9879.87,10175,9720.03,37873.354728
2019-07-26,9882.15,9824,9889.98,9637,27167.463217
2019-07-27,9824,9476.52,10188.66,9333,43809.778301
2019-07-28,9478.92,9541.54,9594.99,9165,29401.022937
2019-07-29,9541.54,9507.64,9729,9395,29021.937411
2019-07-30,9509.07,9574.21,9714.28,9402,32536.368834
2019-07-31,9575,10080.53,10109.8,9555,39515.35456
2019-08-01,10080.53,10374.99,10467.86,9863.46,41727.637028
2019-08-02,10375,10523.75,10670,10281.35,42990.444221
2019-08-03,10523.75,10816.86,10904.77,10497.93,33802.318824
2019-08-04,10816.86,10929.23,11040,10552,39924.745141
2019-08-05,10929.99,11828.8,11937.52,10927.8,65153.673713
2019-08-06,11830,11481.69,12330.7,11226.7,76705.389875
2019-08-07,11481.69,11975.03,12141.17,11382.84,69173.390353
2019-08-08,11975.04,11999.77,12060,11521,51207.257174
2019-08-09,11994.17,11879.99,12045.68,11700,39427.152588
2019-08-10,11879.98,11309.31,11985,11270,42633.087048
2019-08-11,11309.24,11549.97,11600,11112.11,26772.90691
2019-08-12,11539.08,11396.08,11577.89,11235.32,17568.227075
2019-08-13,11398.35,10892.71,11456.16,10788.45,33234.72968
2019-08-14,10893.36,10050.37,10897.48,9928.1,54451.847499
2019-08-15,10055.16,10293.93,10460,9911,38174.45112
2019-08-16,10296.77,10331.54,10536.03,9750,51758.142918
2019-08-17,10331.15,10216.02,10465.14,10000,29000.581201
2019-08-18,10216.05,10306.78,10500,10080,24085.395172
2019-08-19,10306.17,10915.54,10930,10258.6,37243.319217
2019-08-20,10914.73,10760.51,10949.96,10560,32298.921679
2019-08-21,10760.51,10142.57,10804.13,9858,47355.719282
2019-08-22,10140.82,10099.88,10242,9762,34059.642738
